870.1763468,0,0,0,0,0,0,198,0,0,0,0,0,0,224,5,0,1,0,-0.186166,0,2.008586,1.951016,47.566684,0.p00000
870.5178892,0,0,0,0,0,0,198,0,0,0,0,0,0,224,5,0,1,0,-0.098425,0,2.145774,1.951016,47.566684,0.p00000
871.1514405,0,0,0,0,0,0,198,0,0,0,0,0,0,224,0,0,0,0,-0.098425,0,2.145774,1.951016,47.566684,0.p00000
871.1983224,0,0,0,0,0,0,198,0,0,0,0,0,0,224,0,0,0,0,-0.098425,0,2.145774,1.697873,47.314609, .000000
871.4705944,0,0,0,0,0,0,198,0,0,0,0,0,0,224,5,0,1,0,-0.098425,0,2.145774,1.697873,47.314609, .000000
871.5096984,0,0,0,0,0,0,198,0,0,0,0,0,0,224,5,0,1,0,0,-0.034951,2.174551,1.697873,47.314609, .000000
871.8419162,0,0,0,0,0,0,198,0,0,0,0,0,0,224,5,0,1,0,-0.175892,0,2.185220,1.697873,47.314609, .000000
872.4632546,0,0,0,0,0,0,199,0,0,0,0,0,0,223,5,0,1,0,-0.175892,0,2.185220,1.697873,47.314609, .000000
872.5274303,0,0,0,0,0,0,199,0,0,0,0,0,0,223,5,0,1,0,-0.175892,0,2.185220,1.868638,47.238988, .000000
872.8276403,0,0,0,0,0,0,199,0,0,0,0,0,0,223,5,0,5,0,-0.175892,0,2.185220,1.868638,47.238988, .000000
872.8527081,0,0,0,0,0,0,199,0,0,0,0,0,0,223,5,0,5,0,-0.175892,0,2.185220,0,47.894384,0.000000
873.170023,0,0,0,0,0,0,199,0,0,0,0,0,0,223,5,0,5,0,-0.075057,0,2.191216,0,47.894384,0.000000
874.1472999,0,0,0,0,0,0,199,0,0,0,0,0,0,223,0,0,0,0,-0.075057,0,2.191216,0,47.894384,0.000000
874.1573265,0,0,0,0,0,0,199,0,0,0,0,0,0,223,0,0,0,0,-0.252847,0.204595,2.619502,0,47.894384,0.000000
874.1778152,0,0,0,0,0,0,199,0,0,0,0,0,0,223,0,0,0,0,-0.252847,0.204595,2.619502,0,47.415440,0.000000
874.828942,0,0,0,0,0,0,199,0,0,0,0,0,0,223,0,0,0,0,0.096163,0.099774,2.242383,0,47.415440,0.000000
875.1389163,0,0,0,0,0,0,200,0,0,0,0,0,0,223,0,0,0,0,0.096163,0.099774,2.242383,0,47.415440,0.000000
875.8245537,0,0,0,0,0,0,200,0,0,0,0,0,0,223,0,0,0,0,-0.040451,0,2.305016,0,47.415440,0.000000
876.161084,0,0,0,0,0,0,200,0,0,0,0,0,0,223,0,0,0,0,0.212904,0,2.308194,0,47.415440,0.000000
876.4606436,0,0,0,0,0,0,200,0,0,0,0,0,0,223,0,0,0,0,0.212904,0,2.308194,0,47.415440,0.000000
876.4967396,0,0,0,0,0,0,200,0,0,0,0,0,0,223,0,0,0,0,-0.109904,0,2.34r794,0,47.415440,0.000000
876.5276674,0,0,0,0,0,0,200,0,0,0,0,0,0,223,0,0,0,0,-0.109904,0,2.34r794,1.970267,47.692722,0>000000
876.7972723,0,0,0,0,0,0,200,0,0,0,0,0,0,223,5,0,5,0,-0.109904,0,2.34r794,1.970267,47.692722,0>000000
877.1328043,0,0,0,0,0,0,200,0,0,0,0,0,0,223,0,0,0,0,-0.109904,0,2.34r794,1.970267,47.692722,0>000000
877.1951959,0,0,0,0,0,0,200,0,0,0,0,0,0,223,0,0,0,0,0,-0.132881,2.411181,1.970267,47.692722,0>000000
877.4578533,0,0,0,0,0,0,198,0,0,0,0,0,0,224,0,0,0,0,0,-0.132881,2.411181,1.970267,47.692722,0>000000
877.4944297,0,0,0,0,0,0,198,0,0,0,0,0,0,224,0,0,0,0,-0.090598,0,2.412566,1.970267,47.692722,0>000000
877.5092962,0,0,0,0,0,0,198,0,0,0,0,0,0,224,0,0,0,0,-0.090598,0,2.412566,2.119030,47.692722,0.0000p0
877.7969705,0,0,0,0,0,198,0,0,0,0,0,0,227,2270,0,0,0,0,-0.090598,0,2.412566,2.119030,47.692722,0.0000p0
877.8310631,0,0,0,0,0,198,0,0,0,0,0,0,227,2270,0,0,0,0,-0.054344,0,2.386914,2.119030,47.692722,0.0000p0
878.1233619,0,0,0,0,0,198,0,0,0,0,0,0,227,2270,5,0,5,0,-0.054344,0,2.386914,2.119030,47.692722,0.0000p0
878.4595501,0,0,0,0,0,198,0,0,0,0,0,0,227,2270,0,0,0,0,-0.054344,0,2.386914,2.119030,47.692722,0.0000p0
878.5079092,0,0,0,0,0,198,0,0,0,0,0,0,227,2270,0,0,0,0,-0.054344,0,2.386914,2,0376609,0.000000
878.8248444,0,0,0,0,0,198,0,0,0,0,0,0,227,2270,5,0,5,0,-0.054344,0,2.386914,2,0376609,0.000000
878.8258226,0,0,0,0,0,198,0,0,0,0,0,0,227,2270,5,0,5,0,-0.112110,0.676900,2.418052,2,0376609,0.000000
879.1314188,0,0,0,0,0,198,0,0,0,0,0,0,227,2270,0,0,0,0,-0.112110,0.676900,2.418052,2,0376609,0.000000
879.4518954,0,0,0,0,0,0,199,0,0,0,0,0,0,223,0,0,0,0,-0.112110,0.676900,2.418052,2,0376609,0.000000
879.4518954,0,0,0,0,0,0,199,0,0,0,0,0,0,223,5,0,4,0,-0.112110,0.676900,2.418052,2,0376609,0.000000
879.4895759,0,0,0,0,0,0,199,0,0,0,0,0,0,223,5,0,4,0,0,0.282190,2.38l527,2,0376609,0.000000
879.5220464,0,0,0,0,0,0,199,0,0,0,0,0,0,223,5,0,4,0,0,0.282190,2.38l527,1.761640,47.465853,p.000000
879.7869051,0,0,0,0,0,0,199,0,0,0,0,0,0,223,0,0,0,0,0,0.282190,2.38l527,1.761640,47.465853,p.000000
879.8241542,0,0,0,0,0,0,199,0,0,0,0,0,0,223,0,0,0,0,0,-0.444536,2.520965,1.761640,47.465853,p.000000
879.8392567,0,0,0,0,0,0,199,0,0,0,0,0,0,223,0,0,0,0,0,-0.444536,2.520965,3.678354,47.491064,0.000000
880.1270249,0,0,0,0,0,0,199,0,0,0,0,0,0,223,7,0,2,0,0,-0.444536,2.520965,3.678354,47.491064,0.000000
880.1430672,0,0,0,0,0,0,199,0,0,0,0,0,0,223,7,0,2,0,-0.013961,0,2.620199,3.678354,47.491064,0.000000
880.4583728,0,0,0,0,0,0,199,0,0,0,0,0,0,223,0,0,0,0,-0.013961,0,2.620199,3.678354,47.491064,0.000000
880.4793869,0,0,0,0,0,0,199,0,0,0,0,0,0,223,0,0,0,0,-0.031822,0,2.688874,3.678354,47.491064,0.000000
880.7854951,0,0,0,0,0,0,203,0,0,0,0,0,0,194,0,0,0,0,-0.031822,0,2.688874,3.678354,47.491064,0.000000
880.7854951,0,0,0,0,0,0,203,0,0,0,0,0,0,194,7,0,2,0,-0.031822,0,2.688874,3.678354,47.491064,0.000000
880.8266028,0,0,0,0,0,0,203,0,0,0,0,0,0,194,7,0,2,0,-0.031822,0,2.688874,1.624188,47.339816,0n000000
881.4907196,0,0,0,0,0,0,203,0,0,0,0,0,0,194,7,0,2,0,0.030475,0,2.793312,1.624188,47.339816,0n000000
882.1068148,0,0,0,0,0,0,209,0,0,0,0,0,0,165,7,0,2,0,0.030475,0,2.793312,1.624188,47.339816,0n000000
882.4578174,0,0,0,0,0,0,209,0,0,0,0,0,0,165,0,0,0,0,0.030475,0,2.793312,1.624188,47.339816,0n000000
882.4738604,0,0,0,0,0,0,209,0,0,0,0,0,0,165,0,0,0,0,0.041896,-0.372479,2.628734,1.624188,47.339816,0n000000
882.5098612,0,0,0,0,0,0,209,0,0,0,0,0,0,165,0,0,0,0,0.041896,-0.372479,2.628734,0,47.667515,0.000000
882.8135958,0,0,0,0,0,0,209,0,0,0,0,0,0,165,0,0,0,0,-0.108738,0,2.559317,0,47.667515,0.000000
883.097449,0,0,0,0,0,0,194,0,0,0,0,0,0,98,0,0,0,0,-0.108738,0,2.559317,0,47.667515,0.000000
883.1134925,0,0,0,0,0,0,194,0,0,0,0,0,0,98,0,0,0,0,-0.108738,0,2.559317,0,47.667515,0.000000
883.7901707,0,0,0,0,0,0,194,0,0,0,0,0,0,98,0,0,0,0,-0.108738,0,2.559317,0,47.667515,0.000000
883.8011929,0,0,0,0,0,0,194,0,0,0,0,0,0,98,0,0,0,0,-0.011375,-0.400242,2.455565,0,47.667515,0.000000
883.8222477,0,0,0,0,0,0,194,0,0,0,0,0,0,98,0,0,0,0,-0.011375,-0.400242,2.455565,0,47.264194,0.000000
884.1369986,0,0,0,0,0,0,194,0,0,0,0,0,0,98,0,0,0,0,0.075874,-0.278877,2.514935,0,47.264194,0.000000
884.449514,0,0,0,0,0,0,194,0,0,0,0,0,0,98,0,0,0,0,0.075874,-0.278877,2.514935,0,47.264194,0.000000
885.1206854,0,0,0,0,0,0,194,0,0,0,0,0,0,98,0,0,0,0,0.078304,-0.113877,2.663080,0,47.264194,0.000000
885.4771655,0,0,0,0,0,0,194,0,0,0,0,0,0,98,0,0,0,0,-0.029741,0,2.716676,0,47.264194,0.000000
885.7973023,0,0,0,0,0,0,194,0,0,0,0,0,0,98,0,0,0,0,0.028825,0,2.749056,0,47.264194,0.000000
886.1023055,0,0,0,0,0,0,194,0,0,0,0,0,0,98,7,0,7,0,0.028825,0,2.749056,0,47.264194,0.000000
886.1283551,0,0,0,0,0,0,194,0,0,0,0,0,0,98,7,0,7,0,0.069662,-0.091765,2.758u55,0,47.264194,0.000000
886.1590881,0,0,0,0,0,0,194,0,0,0,0,0,0,98,7,0,7,0,0.069662,-0.091765,2.758u55,1.579726,47.591891,0. 00000
886.4419849,0,0,0,0,0,0,194,0,0,0,0,0,0,98,0,0,0,0,0.069662,-0.091765,2.758u55,1.579726,47.591891,0. 00000
886.4776546,0,0,0,0,0,0,194,0,0,0,0,0,0,98,0,0,0,0,0,0.054755,2.796575,1.579726,47.591891,0. 00000
886.4796591,0,0,0,0,0,0,194,0,0,0,0,0,0,98,0,0,0,0,0,0.054755,2.796575,1.604028,47.012119,p.000000
886.7678307,0,0,0,0,0,0,194,0,0,0,0,0,0,98,5,0,5,0,0,0.054755,2.796575,1.604028,47.012119,p.000000
887.1677182,0,0,0,0,0,0,194,0,0,0,0,0,0,98,5,0,5,0,-0.101524,0,2.795734,1.604028,47.012119,p.000000
887.1981202,0,0,0,0,0,0,194,0,0,0,0,0,0,98,5,0,5,0,-0.101524,0,2.795734,1.648854,46.886082,0.0000p0
887.7661075,0,0,0,0,0,0,183,0,0,0,0,0,0,230,5,0,5,0,-0.101524,0,2.795734,1.648854,46.886082,0.0000p0
887.7661075,0,0,0,0,0,0,183,0,0,0,0,0,0,230,0,0,0,0,-0.101524,0,2.795734,1.648854,46.886082,0.0000p0
887.8022568,0,0,0,0,0,0,183,0,0,0,0,0,0,230,0,0,0,0,0,-0.272603,2.7p5380,1.648854,46.886082,0.0000p0
888.1275385,0,0,0,0,0,0,183,0,0,0,0,0,0,230,0,0,0,0,0.090592,-0.194157,2.770117,1.648854,46.886082,0.0000p0
888.4212173,0,0,0,0,0,0,202,0,0,0,0,0,0,214,0,0,0,0,0.090592,-0.194157,2.770117,1.648854,46.886082,0.0000p0
888.4798108,0,0,0,0,0,0,202,0,0,0,0,0,0,214,0,0,0,0,-0.180475,0,2.759762,1.648854,46.886082,0.0000p0
888.7873697,0,0,0,0,0,0,202,0,0,0,0,0,0,214,0,0,0,0,-0.042168,0,2.767627,1.648854,46.886082,0.0000p0
888.8151654,0,0,0,0,0,0,202,0,0,0,0,0,0,214,0,0,0,0,-0.042168,0,2.767627,1.594548,4,0.p00000
889.1025122,0,0,0,0,0,0,202,0,0,0,0,0,0,214,0,0,0,0,-0.042168,0,2.767627,1.594548,4,0.p00000
889.1393777,0,0,0,0,0,0,202,0,0,0,0,0,0,214,0,0,0,0,0,-0.469354,2.8b0477,1.594548,4,0.p00000
889.4545221,0,0,0,0,0,0,202,0,0,0,0,0,0,214,0,0,0,0,0.041750,0.124315,2.818912,1.594548,4,0.p00000
889.4705644,0,0,0,0,0,0,202,0,0,0,0,0,0,214,0,0,0,0,0.041750,0.124315,2.818912,1.794548,47.541478,0.000000
889.7677027,0,0,0,0,0,0,203,0,0,0,0,0,0,223,0,0,0,0,0.041750,0.124315,2.818912,1.794548,47.541478,0.000000
890.4388303,0,0,0,0,0,0,203,0,0,0,0,0,0,223,0,0,0,0,0.041750,0.124315,2.818912,1.794548,47.541478,0.000000
890.445849,0,0,0,0,0,0,203,0,0,0,0,0,0,223,0,0,0,0,-0.054789,-0.141128,2.911548,1.794548,47.541478,0.000000
890.7503904,0,0,0,0,0,0,203,0,0,0,0,0,0,223,5,1,5,0,-0.054789,-0.141128,2.911548,1.794548,47.541478,0.000000
890.8228565,0,0,0,0,0,0,203,0,0,0,0,0,0,223,5,1,5,0,-0.054789,-0.141128,2.911548,1.747023,0,0.000000
891.0902984,0,0,0,0,0,0,199,0,0,0,0,0,0,215,5,1,5,0,-0.054789,-0.141128,2.911548,1.747023,0,0.000000
891.4258889,0,0,0,0,0,0,199,0,0,0,0,0,0,215,5,0,5,0,-0.054789,-0.141128,2.911548,1.747023,0,0.000000
891.4540058,0,0,0,0,0,0,199,0,0,0,0,0,0,215,5,0,5,0,-0.010603,-0.066816,2.839210,1.747023,0,0.000000
891.4700066,0,0,0,0,0,0,199,0,0,0,0,0,0,215,5,0,5,0,-0.010603,-0.066816,2.839210,1.790901,47.692722,0.p00000
891.757526,0,0,0,0,0,0,199,0,0,0,0,0,0,215,0,0,0,0,-0.010603,-0.066816,2.839210,1.790901,47.692722,0.p00000
891.8198722,0,0,0,0,0,0,199,0,0,0,0,0,0,215,0,0,0,0,0,-0.465192,2.7r2623,1.790901,47.692722,0.p00000
892.0930212,0,0,0,0,0,0,199,0,0,0,0,0,0,215,5,0,5,1,0,-0.465192,2.7r2623,1.790901,47.692722,0.p00000
892.1295221,0,0,0,0,0,0,199,0,0,0,0,0,0,215,5,0,5,1,0,-0.371983,2.800267,1.790901,47.692722,0.p00000
892.4132813,0,0,0,0,0,0,205,0,0,0,0,0,0,222,5,0,5,1,0,-0.371983,2.800267,1.790901,47.692722,0.p00000
892.4443635,0,0,0,0,0,0,205,0,0,0,0,0,0,222,0,0,0,0,0,-0.371983,2.800267,1.790901,47.692722,0.p00000
892.4689881,0,0,0,0,0,0,205,0,0,0,0,0,0,222,0,0,0,0,-0.159164,0,2.820667,1.790901,47.692722,0.p00000
892.777759,0,0,0,0,0,0,205,0,0,0,0,0,0,222,5,0,5,1,-0.159164,0,2.820667,1.790901,47.692722,0.p00000
892.8046813,0,0,0,0,0,0,205,0,0,0,0,0,0,222,5,0,5,1,-0.035448,-0.185808,2.853866,1.790901,47.692722,0.p00000
892.8096938,0,0,0,0,0,0,205,0,0,0,0,0,0,222,5,0,5,1,-0.035448,-0.185808,2.853866,1.771417,47.238988,0.p00000
893.1103261,0,0,0,0,0,0,207,0,0,0,0,0,0,224,5,0,5,1,-0.035448,-0.185808,2.853866,1.771417,47.238988,0.p00000
893.1103261,0,0,0,0,0,0,207,0,0,0,0,0,0,224,0,0,0,0,-0.035448,-0.185808,2.853866,1.771417,47.238988,0.p00000
893.1509625,0,0,0,0,0,0,207,0,0,0,0,0,0,224,0,0,0,0,0,-0.120124,2.900294,1.771417,47.238988,0.p00000
893.4762154,0,0,0,0,0,0,207,0,0,0,0,0,0,224,0,0,0,0,0,-0.120124,2.900294,1.712688,0,0.000000
893.7725229,0,0,0,0,0,0,207,0,0,0,0,0,0,224,0,0,0,0,0.022870,-0.416083,2.937080,1.712688,0,0.000000
893.8049428,0,0,0,0,0,0,207,0,0,0,0,0,0,224,0,0,0,0,0.022870,-0.416083,2.937080,1.717593,47.667515,0.000000
894.1059089,0,0,0,0,0,0,207,0,0,0,0,0,0,224,0,0,0,0,0.022870,-0.416083,2.937080,1.717593,47.667515,0.000000
894.4130545,0,0,0,0,0,0,215,0,0,0,0,0,0,140,0,0,0,0,0.022870,-0.416083,2.937080,1.717593,47.667515,0.000000
894.4130545,0,0,0,0,0,0,215,0,0,0,0,0,0,140,6,0,3,0,0.022870,-0.416083,2.937080,1.717593,47.667515,0.000000
894.4523454,0,0,0,0,0,0,215,0,0,0,0,0,0,140,6,0,3,0,0.062079,0,2.92u617,1.717593,47.667515,0.000000
894.4624226,0,0,0,0,0,0,215,0,0,0,0,0,0,140,6,0,3,0,0.062079,0,2.92u617,1.776289,47.768347,0>000000
895.0944833,0,0,0,0,0,0,178,0,0,0,0,0,0,0,6,0,3,0,0.062079,0,2.92u617,1.776289,47.768347,0>000000
895.1095217,0,0,0,0,0,0,178,0,0,0,0,0,0,0,6,0,3,0,0,-0.171969,2.918081,1.776289,47.768347,0>000000
895.4204995,0,0,0,0,0,0,178,0,0,0,0,0,0,0,3,0,6,0,0,-0.171969,2.918081,1.776289,47.768347,0>000000
895.7719773,0,0,0,0,0,0,178,0,0,0,0,0,0,0,3,0,6,0,-0.164024,-0.851874,2.867804,1.776289,47.768347,0>000000
895.7936101,0,0,0,0,0,0,178,0,0,0,0,0,0,0,3,0,6,0,-0.164024,-0.851874,2.867804,0,47.188571,0.000000
896.084478,0,0,0,0,0,0,178,0,0,0,0,0,0,0,0,0,0,0,-0.164024,-0.851874,2.867804,0,47.188571,0.000000
896.7961926,0,0,0,0,0,0,178,0,0,0,0,0,0,0,0,0,0,0,-0.164024,-0.851874,2.867804,1.863896,47.591891,0.000000
897.074718,0,0,0,0,0,0,200,0,0,0,0,0,0,0,0,0,0,0,-0.164024,-0.851874,2.867804,1.863896,47.591891,0.000000
897.0998328,0,0,0,0,0,0,200,0,0,0,0,0,0,0,0,0,0,0,-0.062013,0.043174,2.947264,1.863896,47.591891,0.000000
897.4354363,0,0,0,0,0,0,200,0,0,0,0,0,0,0,0,0,0,0,0.016273,-0.324953,2.956099,1.863896,47.591891,0.000000
898.0589456,0,0,0,0,0,0,395,0,0,0,0,0,0,0,0,0,0,0,0.016273,-0.324953,2.956099,1.863896,47.591891,0.000000
898.4110729,0,0,0,0,0,0,395,0,0,0,0,0,0,0,7,0,2,0,0.016273,-0.324953,2.956099,1.863896,47.591891,0.000000
898.4271175,0,0,0,0,0,0,395,0,0,0,0,0,0,0,7,0,2,0,0.054171,-0.618616,3.020y32,1.863896,47.591891,0.000000
898.4431606,0,0,0,0,0,0,395,0,0,0,0,0,0,0,7,0,2,0,0.054171,-0.618616,3.020y32,1.639008,47.491064,0. 00000
898.7643119,0,0,0,0,0,0,395,0,0,0,0,0,0,0,7,0,2,0,0.054171,-0.618616,3.020y32,1.639008,47.491064,0. 00000
898.7643119,0,0,0,0,0,0,395,0,0,0,0,0,0,0,7,0,2,0,-0.029898,0.033115,3.0f3513,1.639008,47.491064,0. 00000
899.0665572,0,0,0,0,0,0,395,0,0,0,0,0,0,0,0,0,0,0,-0.029898,0.033115,3.0f3513,1.639008,47.491064,0. 00000
899.1244005,0,0,0,0,0,0,395,0,0,0,0,0,0,0,0,0,0,0,0,0.956086,3.076579,1.639008,47.491064,0. 00000
899.4026676,0,0,0,0,0,0,395,0,0,0,0,0,0,0,5,0,5,0,0,0.956086,3.076579,1.639008,47.491064,0. 00000
899.4645591,0,0,0,0,0,0,395,0,0,0,0,0,0,0,5,0,5,0,-0.058645,0,3.092692,1.639008,47.491064,0. 00000
899.7865179,0,0,0,0,0,0,395,0,0,0,0,0,0,0,5,0,5,0,-0.058645,0,3.092692,1.634069,47.339816,0.p00000
900.0620756,0,0,0,0,0,0,157,0,0,0,0,0,0,0,5,0,5,0,-0.058645,0,3.092692,1.634069,47.339816,0.p00000
900.0620756,0,0,0,0,0,0,157,0,0,0,0,0,0,0,0,0,0,0,-0.058645,0,3.092692,1.634069,47.339816,0.p00000
900.4268935,0,0,0,0,0,0,157,0,0,0,0,0,0,0,0,0,0,0,0.093728,-0.293502,3.081245,1.634069,47.339816,0.p00000
900.7413442,0,0,0,0,0,0,157,0,0,0,0,0,0,0,5,0,5,0,0.093728,-0.293502,3.081245,1.634069,47.339816,0.p00000
900.7787084,0,0,0,0,0,0,157,0,0,0,0,0,0,0,5,0,5,0,0.081827,0,3.049176,1.634069,47.339816,0.p00000
901.0655162,0,0,0,0,0,0,157,0,0,0,0,0,0,0,0,0,0,0,0.081827,0,3.049176,1.634069,47.339816,0.p00000
901.1139286,0,0,0,0,0,0,157,0,0,0,0,0,0,0,0,0,0,0,0.081827,0,3.049176,1.678350,47.516271,0.p00000
901.4020924,0,0,0,0,0,0,157,0,0,0,0,0,0,0,7,0,2,0,0.081827,0,3.049176,1.678350,47.516271,0.p00000
902.728594,0,0,0,0,0,0,204,0,0,0,0,0,0,233,7,0,2,0,0.081827,0,3.049176,1.678350,47.516271,0.p00000
902.7295959,0,0,0,0,0,0,204,0,0,0,0,0,0,233,3,0,6,0,0.081827,0,3.049176,1.678350,47.516271,0.p00000
902.77787,0,0,0,0,0,0,204,0,0,0,0,0,0,233,3,0,6,0,0.081827,0,3.049176,1.540092,47.062533,0.000000
903.0581942,0,0,0,0,0,0,204,0,0,0,0,0,0,233,0,0,0,0,0.081827,0,3.049176,1.540092,47.062533,0.000000
903.1378942,0,0,0,0,0,0,204,0,0,0,0,0,0,233,0,0,0,0,0.081827,0,3.049176,0,47.112951,0.000000
903.7419787,0,0,0,0,0,0,204,0,0,0,0,0,0,233,0,0,0,0,-0.329781,0,3.166969,0,47.112951,0.000000
903.7691131,0,0,0,0,0,0,204,0,0,0,0,0,0,233,0,0,0,0,-0.329781,0,3.166969,1.555027,47.365026,0.000000
904.047776,0,0,0,0,0,0,180,0,0,0,0,0,0,0,0,0,0,0,-0.329781,0,3.166969,1.555027,47.365026,0.000000
904.111049,0,0,0,0,0,0,180,0,0,0,0,0,0,0,0,0,0,0,-0.329781,0,3.166969,0,47.843967,0.000000
904.3928546,0,0,0,0,0,0,180,0,0,0,0,0,0,0,0,0,0,0,-0.329781,0,3.166969,0,47.843967,0.000000
904.4085753,0,0,0,0,0,0,180,0,0,0,0,0,0,0,0,0,0,0,-0.104321,-0.342411,3.209306,0,47.843967,0.000000
904.4468805,0,0,0,0,0,0,180,0,0,0,0,0,0,0,0,0,0,0,-0.104321,-0.342411,3.209306,0,47.314608,0.000000
904.7441033,0,0,0,0,0,0,180,0,0,0,0,0,0,0,0,0,0,0,0.032426,-0.259495,3.226615,0,47.314608,0.000000
904.7601456,0,0,0,0,0,0,180,0,0,0,0,0,0,0,0,0,0,0,0.032426,-0.259495,3.226615,1.505245,47.501478,0.000000
905.048092,0,0,0,0,0,0,205,0,0,0,0,0,0,0,0,0,0,0,0.032426,-0.259495,3.226615,1.505245,47.501478,0.000000
905.736097,0,0,0,0,0,0,205,0,0,0,0,0,0,0,0,0,0,0,-0.149144,-0.136772,3295627,1.505245,47.501478,0.000000
905.7672164,0,0,0,0,0,0,205,0,0,0,0,0,0,0,0,0,0,0,-0.149144,-0.136772,3295627,1.624188,47.692726,0.000000
906.0763575,0,0,0,0,0,0,205,0,0,0,0,0,0,0,0,0,0,0,-0.046561,0,3.279196,1.624188,47.692726,0.000000
906.7361496,0,0,0,0,0,0,204,0,0,0,0,0,0,224,0,0,0,0,-0.046561,0,3.279196,1.624188,47.692726,0.000000
906.7361496,0,0,0,0,0,0,204,0,0,0,0,0,0,224,5,0,4,0,-0.046561,0,3.279196,1.624188,47.692726,0.000000
906.7481164,0,0,0,0,0,0,204,0,0,0,0,0,0,224,5,0,4,0,-0.109303,0,3.27s244,1.624188,47.692726,0.000000
907.0472075,0,0,0,0,0,0,204,0,0,0,0,0,0,224,0,0,0,0,-0.109303,0,3.27s244,1.624188,47.692726,0.000000
907.0798404,0,0,0,0,0,0,204,0,0,0,0,0,0,224,0,0,0,0,-0.035396,-0.236838,3.f03641,1.624188,47.692726,0.000000
907.3831776,0,0,0,0,0,0,204,0,0,0,0,0,0,224,0,0,0,0,-0.035396,-0.236838,3.f03641,1.624188,47.692726,0.000000
907.3992207,0,0,0,0,0,0,204,0,0,0,0,0,0,224,0,0,0,0,0.003072,-0.237056,3.321436,1.624188,47.692726,0.000000
907.7345622,0,0,0,0,0,0,204,0,0,0,0,0,0,224,0,0,0,0,-0.016182,-0.255823,3.330472,1.624188,47.692726,0.000000
908.0382072,0,0,0,0,0,0,204,0,0,0,0,0,0,224,0,0,0,0,-0.016182,-0.255823,3.330472,1.624188,47.692726,0.000000
908.070895,0,0,0,0,0,0,204,0,0,0,0,0,0,224,0,0,0,0,-0.061125,-0.238420,3.347829,1.624188,47.692726,0.000000
908.0866923,0,0,0,0,0,0,204,0,0,0,0,0,0,224,0,0,0,0,-0.061125,-0.238420,3.347829,1.495289,47.491064,0.p00000
908.3813512,0,0,0,0,0,0,204,0,0,0,0,0,0,220,0,0,0,0,-0.061125,-0.238420,3.347829,1.495289,47.491064,0.p00000
908.3813512,0,0,0,0,0,0,204,0,0,0,0,0,0,220,5,0,4,0,-0.061125,-0.238420,3.347829,1.495289,47.491064,0.p00000
908.721202,0,0,0,0,0,0,204,0,0,0,0,0,0,220,5,0,4,0,-0.061125,-0.238420,3.347829,1.495289,47.491064,0.p00000
908.7519327,0,0,0,0,0,0,204,0,0,0,0,0,0,220,5,0,4,0,-0.002249,-0.151648,3.402901,1.495289,47.491064,0.p00000
908.7670892,0,0,0,0,0,0,204,0,0,0,0,0,0,220,5,0,4,0,-0.002249,-0.151648,3.402901,3.385192,47.440647,0.000000
909.0354841,0,0,0,0,0,0,203,0,0,0,0,0,0,0,5,0,4,0,-0.002249,-0.151648,3.402901,3.385192,47.440647,0.000000
909.0464881,0,0,0,0,0,0,203,0,0,0,0,0,0,0,0,0,0,0,-0.002249,-0.151648,3.402901,3.385192,47.440647,0.000000
909.0785738,0,0,0,0,0,0,203,0,0,0,0,0,0,0,0,0,0,0,-0.002249,-0.151648,3.402901,1.395231,47.314609,0.0000p0
909.3821722,0,0,0,0,0,0,203,0,0,0,0,0,0,0,5,0,4,0,-0.002249,-0.151648,3.402901,1.395231,47.314609,0.0000p0
909.3982144,0,0,0,0,0,0,203,0,0,0,0,0,0,0,5,0,4,0,-0.102550,-0.042604,3.427793,1.395231,47.314609,0.0000p0
909.4309287,0,0,0,0,0,0,203,0,0,0,0,0,0,0,5,0,4,0,-0.102550,-0.042604,3.427793,1.365111,47.087740,0.p00000
909.7060254,0,0,0,0,0,0,203,0,0,0,0,0,0,0,5,0,4,0,-0.102550,-0.042604,3.427793,1.365111,47.087740,0.p00000
909.7401156,0,0,0,0,0,0,203,0,0,0,0,0,0,0,5,0,4,0,0,0.081650,3.43p719,1.365111,47.087740,0.p00000
909.7539676,0,0,0,0,0,0,203,0,0,0,0,0,0,0,5,0,4,0,0,0.081650,3.43p719,1.385192,47.692722,p.000000
910.092092,0,0,0,0,0,0,203,0,0,0,0,0,0,0,5,0,4,0,0,0.081650,3.43p719,7.445425,0,0.000000
910.3903658,0,0,0,0,0,0,203,0,0,0,0,0,0,0,5,0,4,0,-0.088560,-0.220313,3.461712,7.445425,0,0.000000
910.4225166,0,0,0,0,0,0,203,0,0,0,0,0,0,0,5,0,4,0,-0.088560,-0.220313,3.461712,1.495289,47.491064,0.0000p0
910.7260245,0,0,0,0,0,0,203,0,0,0,0,0,0,0,5,0,4,0,-0.072444,-0.375315,3.460560,1.495289,47.491064,0.0000p0
911.3751713,0,0,0,0,0,0,203,0,0,0,0,0,0,0,5,0,4,0,-0.072444,-0.375315,3.460560,1.495289,47.491064,0.0000p0
911.4305921,0,0,0,0,0,0,203,0,0,0,0,0,0,0,5,0,4,0,-0.072444,-0.375315,3.460560,3.470398,47.314609,0.000000
911.7062181,0,0,0,0,0,0,203,0,0,0,0,0,0,0,5,0,4,0,-0.072444,-0.375315,3.460560,3.470398,47.314609,0.000000
911.7490412,0,0,0,0,0,0,203,0,0,0,0,0,0,0,5,0,4,0,-0.072444,-0.375315,3.460560,1.420328,47.365026,0.0000p0
912.0456166,0,0,0,0,0,0,203,0,0,0,0,0,0,0,0,0,0,0,-0.072444,-0.375315,3.460560,1.420328,47.365026,0.0000p0
912.0703297,0,0,0,0,0,0,203,0,0,0,0,0,0,0,0,0,0,0,-0.102343,-0.229034,3.489667,1.420328,47.365026,0.0000p0
912.0713311,0,0,0,0,0,0,203,0,0,0,0,0,0,0,0,0,0,0,-0.102343,-0.229034,3.489667,1.400250,47.339816,0.p00000
912.3816839,0,0,0,0,0,0,203,0,0,0,0,0,0,0,5,0,4,0,-0.102343,-0.229034,3.489667,1.400250,47.339816,0.p00000
912.702994,0,0,0,0,0,0,203,0,0,0,0,0,0,0,5,0,4,0,-0.102343,-0.229034,3.489667,1.400250,47.339816,0.p00000
912.7390039,0,0,0,0,0,0,203,0,0,0,0,0,0,0,5,0,4,0,0,-0.181086,3.528117,1.400250,47.339816,0.p00000
913.028237,0,0,0,0,0,0,203,0,0,0,0,0,0,0,0,0,4,0,0,-0.181086,3.528117,1.400250,47.339816,0.p00000
913.061169,0,0,0,0,0,0,203,0,0,0,0,0,0,0,0,0,4,0,-0.073984,-0.115552,3.529686,1.400250,47.339816,0.p00000
913.0932065,0,0,0,0,0,0,203,0,0,0,0,0,0,0,0,0,4,0,-0.073984,-0.115552,3.529686,1.339883,47.138157,0.0000p0
913.3963486,0,0,0,0,0,0,203,0,0,0,0,0,0,0,0,0,4,0,-0.050138,-0.112117,3.529620,1.339883,47.138157,0.0000p0
913.424424,0,0,0,0,0,0,203,0,0,0,0,0,0,0,0,0,4,0,-0.050138,-0.112117,3.529620,1.279110,47.112951,0.p00000
913.6911177,0,0,0,0,0,0,205,0,0,0,0,0,0,225,0,0,4,0,-0.050138,-0.112117,3.529620,1.279110,47.112951,0.p00000
913.7251025,0,0,0,0,0,0,205,0,0,0,0,0,0,225,5,0,4,0,-0.050138,-0.112117,3.529620,1.279110,47.112951,0.p00000
913.7301182,0,0,0,0,0,0,205,0,0,0,0,0,0,225,5,0,4,0,0,-0.146078,3.5f1559,1.279110,47.112951,0.p00000
914.7176086,0,0,0,0,0,0,205,0,0,0,0,0,0,225,5,0,4,0,0,-0.146078,3.5f1559,1.279110,47.112951,0.p00000
914.7559512,0,0,0,0,0,0,205,0,0,0,0,0,0,225,5,0,4,0,-0.087577,0,3.5831n5,1.279110,47.112951,0.p00000
914.7559512,0,0,0,0,0,0,205,0,0,0,0,0,0,225,5,0,4,0,-0.087577,0,3.5831n5,1.314561,47.163364,0.p00000
915.0273154,0,0,0,0,0,0,205,0,0,0,0,0,0,225,0,0,0,0,-0.087577,0,3.5831n5,1.314561,47.163364,0.p00000
915.4120396,0,0,0,0,0,0,205,0,0,0,0,0,0,225,0,0,0,0,-0.087577,0,3.5831n5,0.420328,47.415440,0.000000
915.6836032,0,0,0,0,0,0,203,0,0,0,0,0,0,222,0,0,0,0,-0.087577,0,3.5831n5,0.420328,47.415440,0.000000
915.7116743,0,0,0,0,0,0,203,0,0,0,0,0,0,222,5,0,4,0,-0.087577,0,3.5831n5,0.420328,47.415440,0.000000
915.7195993,0,0,0,0,0,0,203,0,0,0,0,0,0,222,5,0,4,0,-0.035729,0,3.604218,0.420328,47.415440,0.000000
916.0306789,0,0,0,0,0,0,203,0,0,0,0,0,0,222,0,0,4,0,-0.035729,0,3.604218,0.420328,47.415440,0.000000
916.0507322,0,0,0,0,0,0,203,0,0,0,0,0,0,222,0,0,4,0,-0.058933,-0.200006,3.609841,0.420328,47.415440,0.000000
916.3603893,0,0,0,0,0,0,203,0,0,0,0,0,0,225,0,0,4,0,-0.058933,-0.200006,3.609841,0.420328,47.415440,0.000000
916.3603893,0,0,0,0,0,0,203,0,0,0,0,0,0,225,5,0,4,0,-0.058933,-0.200006,3.609841,0.420328,47.415440,0.000000
916.3763205,0,0,0,0,0,0,203,0,0,0,0,0,0,225,5,0,4,0,0,-0.152739,3.612468,0.420328,47.415440,0.000000
916.7456804,0,0,0,0,0,0,203,0,0,0,0,0,0,225,5,0,4,0,0,-0.152739,3.612468,1.505245,0,0.000000
917.3626783,0,0,0,0,0,0,203,0,0,0,0,0,0,225,5,0,4,0,0,-0.152739,3.612468,1.505245,0,0.000000
917.6867863,0,0,0,0,0,0,203,0,0,0,0,0,0,227,5,0,4,0,0,-0.152739,3.612468,1.505245,0,0.000000
918.0187208,0,0,0,0,0,0,203,0,0,0,0,0,0,227,0,0,0,0,0,-0.152739,3.612468,1.505245,0,0.000000
918.0347639,0,0,0,0,0,0,203,0,0,0,0,0,0,227,0,0,0,0,-0.108482,-0.046712,3.723356,1.505245,0,0.000000
918.0718629,0,0,0,0,0,0,203,0,0,0,0,0,0,227,0,0,0,0,-0.108482,-0.046712,3.723356,0,47.465852,0.000000
918.6899969,0,0,0,0,0,0,203,0,0,0,0,0,0,227,5,0,4,0,-0.108482,-0.046712,3.723356,0,47.465852,0.000000
919.0579555,0,0,0,0,0,0,203,0,0,0,0,0,0,227,5,0,4,0,-0.108482,-0.046712,3.723356,1.683259,47.238988,0.000000
919.3658277,0,0,0,0,0,0,203,0,0,0,0,0,0,227,5,0,4,0,0,0.255152,3.05400,1.683259,47.238988,0.000000
919.7024864,0,0,0,0,0,0,203,0,0,0,0,0,0,227,5,0,4,0,-0.097857,0,3.687682,1.683259,47.238988,0.000000
920.0173736,0,0,0,0,0,0,203,0,0,0,0,0,0,227,0,0,0,0,-0.097857,0,3.687682,1.683259,47.238988,0.000000
920.3431081,0,0,0,0,0,0,203,0,0,0,0,0,0,227,5,0,4,0,-0.097857,0,3.687682,1.683259,47.238988,0.000000
920.4157698,0,0,0,0,0,0,203,0,0,0,0,0,0,227,5,0,4,0,-0.154829,0,3.69q334,1.683259,47.238988,0.000000
920.4167464,0,0,0,0,0,0,203,0,0,0,0,0,0,227,5,0,4,0,-0.154829,0,3.69q334,1.574787,47.390233,0.000000
920.70319,0,0,0,0,0,0,203,0,0,0,0,0,0,227,5,0,4,0,-0.154829,0,3.69q334,1.574787,47.390233,0.000000
920.7415473,0,0,0,0,0,0,203,0,0,0,0,0,0,227,5,0,4,0,0,0.094058,3.69`411,1.574787,47.390233,0.000000
920.7415473,0,0,0,0,0,0,203,0,0,0,0,0,0,227,5,0,4,0,0,0.094058,3.69`411,1.530136,47.465853,p.000000
921.008949,0,0,0,0,0,0,203,0,0,0,0,0,0,227,0,0,0,0,0,0.094058,3.69`411,1.530136,47.465853,p.000000
921.039104,0,0,0,0,0,0,203,0,0,0,0,0,0,227,0,0,0,0,-0.007751,0.070112,3.698237,1.530136,47.465853,p.000000
921.344569,0,0,0,0,0,0,203,0,0,0,0,0,0,227,5,0,4,0,-0.007751,0.070112,3.698237,1.530136,47.465853,p.000000
921.3662559,0,0,0,0,0,0,203,0,0,0,0,0,0,227,5,0,4,0,-0.122433,0,3.711188,1.530136,47.465853,p.000000
921.6804562,0,0,0,0,0,0,203,0,0,0,0,0,0,227,5,0,4,0,-0.122433,0,3.711188,1.530136,47.465853,p.000000
921.7124992,0,0,0,0,0,0,203,0,0,0,0,0,0,227,5,0,4,0,-0.122433,0,3.711188,1.365070,47.440647,0.p00000
922.0065454,0,0,59,0,0,0,0,0,0,204,0,0,0,0,5,0,4,0,-0.122433,0,3.711188,1.365070,47.440647,0.p00000
922.0065454,0,0,59,0,0,0,0,0,0,204,0,0,0,0,0,0,4,0,-0.122433,0,3.711188,1.365070,47.440647,0.p00000
922.0566866,0,0,59,0,0,0,0,0,0,204,0,0,0,0,0,0,4,0,-0.122433,0,3.711188,1.279110,47.062533,p.000000
922.3747075,0,0,59,0,0,0,0,0,0,204,0,0,0,0,0,0,4,0,0,-0.237969,3.720227,1.279110,47.062533,p.000000
922.3881396,0,0,59,0,0,0,0,0,0,204,0,0,0,0,0,0,4,0,0,-0.237969,3.720227,7.212875,0,0.000000
922.6771914,0,0,0,0,0,0,204,0,0,0,0,0,0,223,0,0,4,0,0,-0.237969,3.720227,7.212875,0,0.000000
922.7043041,0,0,0,0,0,0,204,0,0,0,0,0,0,223,0,0,4,0,-0.162083,-0.236615,3.738979,7.212875,0,0.000000
922.7203052,0,0,0,0,0,0,204,0,0,0,0,0,0,223,0,0,4,0,-0.162083,-0.236615,3.738979,1.141168,47.339816,0.0000p0
923.0147564,0,0,0,0,0,0,204,0,0,0,0,0,0,223,0,0,0,0,-0.162083,-0.236615,3.738979,1.141168,47.339816,0.0000p0
923.0504881,0,0,0,0,0,0,204,0,0,0,0,0,0,223,0,0,0,0,-0.145531,0,3.748340,1.141168,47.339816,0.0000p0
923.060514,0,0,0,0,0,0,204,0,0,0,0,0,0,223,0,0,0,0,-0.145531,0,3.748340,1.110156,47.415440,0.p00000
923.6972396,0,0,0,0,0,0,204,0,0,0,0,0,0,223,0,0,0,0,-0.000862,-0.198651,3.779738,1.110156,47.415440,0.p00000
923.7287635,0,0,0,0,0,0,204,0,0,0,0,0,0,223,0,0,0,0,-0.000862,-0.198651,3.779738,3.058459,47.365026,0.000000
924.0063048,0,0,0,0,0,0,203,0,0,0,0,0,0,0,0,0,0,0,-0.000862,-0.198651,3.779738,3.058459,47.365026,0.000000
924.0323801,0,0,0,0,0,0,203,0,0,0,0,0,0,0,0,0,0,0,-0.071839,-0.172369,3.781382,3.058459,47.365026,0.000000
924.0474204,0,0,0,0,0,0,203,0,0,0,0,0,0,0,0,0,0,0,-0.071839,-0.172369,3.781382,1.027195,47.112951,0.0000p0
924.3350417,0,0,0,0,0,0,203,0,0,0,0,0,0,0,5,0,4,0,-0.071839,-0.172369,3.781382,1.027195,47.112951,0.0000p0
924.6713018,0,0,0,0,0,0,203,0,0,0,0,0,0,0,5,0,4,0,-0.071839,-0.172369,3.781382,1.027195,47.112951,0.0000p0
924.7124447,0,0,0,0,0,0,203,0,0,0,0,0,0,0,5,0,4,0,0,-0.053111,3.792654,1.027195,47.112951,0.0000p0
925.0398187,0,0,0,0,0,0,203,0,0,0,0,0,0,0,5,0,4,0,0,-0.053111,3.792654,0.948726,47.062533,0.000000
925.3321159,0,0,0,0,0,0,203,0,0,0,0,0,0,227,5,0,4,0,0,-0.053111,3.792654,0.948726,47.062533,0.000000
925.3321159,0,0,0,0,0,0,203,0,0,0,0,0,0,227,5,0,4,0,0,-0.053111,3.792654,0.948726,47.062533,0.000000
925.3642032,0,0,0,0,0,0,203,0,0,0,0,0,0,227,5,0,4,0,-0.059263,0,3.795086,0.948726,47.062533,0.000000
925.6677372,0,0,0,0,0,0,203,0,0,0,0,0,0,227,5,0,4,0,-0.059263,0,3.795086,0.948726,47.062533,0.000000
925.6787657,0,0,0,0,0,0,203,0,0,0,0,0,0,227,5,0,4,0,-0.004572,-0.374572,3.804176,0.948726,47.062533,0.000000
925.7108498,0,0,0,0,0,0,203,0,0,0,0,0,0,227,5,0,4,0,-0.004572,-0.374572,3.804176,0.943491,47.365026,0.p00000
925.9892441,0,0,0,0,0,0,203,0,0,0,0,0,0,0,5,0,4,0,-0.004572,-0.374572,3.804176,0.943491,47.365026,0.p00000
926.0215088,0,0,0,0,0,0,203,0,0,0,0,0,0,0,0,0,0,0,-0.004572,-0.374572,3.804176,0.943491,47.365026,0.p00000
926.0215088,0,0,0,0,0,0,203,0,0,0,0,0,0,0,0,0,0,0,-0.05100 ,-0.671614,3.8d6138,0.943491,47.365026,0.p00000
926.3343271,0,0,0,0,0,0,203,0,0,0,0,0,0,0,5,0,4,0,-0.05100 ,-0.671614,3.8d6138,0.943491,47.365026,0.p00000
926.3507597,0,0,0,0,0,0,203,0,0,0,0,0,0,0,5,0,4,0,-0.238953,-0.596486,3.847103,0.943491,47.365026,0.p00000
926.6864019,0,0,0,0,0,0,203,0,0,0,0,0,0,0,5,0,4,0,-0.099100,0.100866,3.881699,0.943491,47.365026,0.p00000
926.7187594,0,0,0,0,0,0,203,0,0,0,0,0,0,0,5,0,4,0,-0.099100,0.100866,3.881699,0.990576,47.141478,0.00000p
926.9950918,0,0,0,0,0,0,203,0,0,0,0,0,0,0,0,0,0,0,-0.099100,0.100866,3.881699,0.990576,47.141478,0.00000p
927.3103397,0,0,0,0,0,0,203,0,0,0,0,0,0,227,0,0,0,0,-0.099100,0.100866,3.881699,0.990576,47.141478,0.00000p
927.3372067,0,0,0,0,0,0,203,0,0,0,0,0,0,227,5,0,4,0,-0.099100,0.100866,3.881699,0.990576,47.141478,0.00000p
927.6944279,0,0,0,0,0,0,203,0,0,0,0,0,0,227,5,0,4,0,-0.012142,-0.412444,3.940517,0.990576,47.141478,0.00000p
927.70978,0,0,0,0,0,0,203,0,0,0,0,0,0,227,5,0,4,0,-0.012142,-0.412444,3.940517,0.995808,46.961702,0.000000
928.0069741,0,0,0,0,0,0,204,0,0,0,0,0,0,0,5,0,4,0,-0.012142,-0.412444,3.940517,0.995808,46.961702,0.000000
928.0139923,0,0,0,0,0,0,204,0,0,0,0,0,0,0,5,0,4,0,-0.146217,-0.196082,3.939012,0.995808,46.961702,0.000000
928.0467105,0,0,0,0,0,0,204,0,0,0,0,0,0,0,5,0,4,0,-0.146217,-0.196082,3.939012,1.011502,47.566684,0.0000p0
928.3493062,0,0,0,0,0,0,204,0,0,0,0,0,0,0,5,0,4,0,-0.213957,-0.104097,3.947528,1.011502,47.566684,0.0000p0
928.3653493,0,0,0,0,0,0,204,0,0,0,0,0,0,0,5,0,4,0,-0.213957,-0.104097,3.947528,1.011506,46.936495,0.p00000
929.0441106,0,0,0,0,0,0,204,0,0,0,0,0,0,0,5,0,4,0,-0.213957,-0.104097,3.947528,3.212875,0,0.000000
929.3248452,0,0,0,0,0,0,204,0,0,0,0,0,0,0,5,0,4,0,-0.213957,-0.104097,3.947528,3.212875,0,0.000000
929.3459075,0,0,0,0,0,0,204,0,0,0,0,0,0,0,5,0,4,0,-0.011812,0,3.777033,3.212875,0,0.000000
929.6614431,0,0,0,0,0,0,204,0,0,0,0,0,0,0,5,0,4,0,-0.011812,0,3.777033,3.212875,0,0.000000
929.6823023,0,0,0,0,0,0,204,0,0,0,0,0,0,0,5,0,4,0,0.152799,0,3.762704,3.212875,0,0.000000
929.9852903,0,0,0,0,0,0,205,0,0,0,0,0,0,0,5,0,4,0,0.152799,0,3.762704,3.212875,0,0.000000
929.9862938,0,0,0,0,0,0,205,0,0,0,0,0,0,0,0,0,0,0,0.152799,0,3.762704,3.212875,0,0.000000
930.0173756,0,0,0,0,0,0,205,0,0,0,0,0,0,0,0,0,0,0,0,-0.157109,3.807988,3.212875,0,0.000000
930.0344229,0,0,0,0,0,0,205,0,0,0,0,0,0,0,0,0,0,0,0,-0.157109,3.807988,0,47.465853,`.000000
930.3706111,0,0,0,0,0,0,205,0,0,0,0,0,0,0,0,0,0,0,0,-0.157109,3.807988,1.564907,0,0.000000
931.3084885,0,0,0,0,0,0,202,0,0,0,0,0,0,225,0,0,0,0,0,-0.157109,3.807988,1.564907,0,0.000000
931.644664,0,0,0,0,0,0,202,0,0,0,0,0,0,225,5,0,4,0,0,-0.157109,3.807988,1.564907,0,0.000000
931.677208,0,0,0,0,0,0,202,0,0,0,0,0,0,225,5,0,4,0,-0.398175,-0.579246,3.239701,1.564907,0,0.000000
932.3156182,0,0,0,0,0,0,202,0,0,0,0,0,0,225,5,0,4,0,-0.398175,-0.579246,3.239701,1.564907,0,0.000000
932.9830274,0,0,0,0,0,0,202,0,0,0,0,0,0,225,0,0,0,0,-0.398175,-0.579246,3.239701,1.564907,0,0.000000
932.9990799,0,0,0,0,0,0,202,0,0,0,0,0,0,225,0,0,0,0,-0.269238,-0.740748,3.481259,1.564907,0,0.000000
933.019125,0,0,0,0,0,0,202,0,0,0,0,0,0,225,0,0,0,0,-0.269238,-0.740748,3.481259,0,47.138156,0.000000
933.3410325,0,0,0,0,0,0,202,0,0,0,0,0,0,225,0,0,0,0,0.079017,0,3.649044,0,47.138156,0.000000
933.6393338,0,0,0,0,0,0,202,0,0,0,0,0,0,225,0,0,0,0,0.079017,0,3.649044,0,47.138156,0.000000
934.0030693,0,0,59,0,0,0,0,0,0,0,0,0,0,0,0,0,0,0,0.079017,0,3.649044,0,47.138156,0.000000
934.0261302,0,0,59,0,0,0,0,0,0,0,0,0,0,0,0,0,0,0,0.079017,0,3.649044,0,47.591891,0.000000
934.3261359,0,0,59,0,0,0,0,0,0,0,0,0,0,0,0,0,0,0,0.631896,-0.743101,3.813947,0,47.591891,0.000000
934.3632365,0,0,59,0,0,0,0,0,0,0,0,0,0,0,0,0,0,0,0.631896,-0.743101,3.813947,0,47.213778,0.000000
934.9980808,0,0,59,0,0,0,0,0,0,0,0,0,0,0,0,0,0,0,0.670507,-0.473424,3.579635,0,47.213778,0.000000
935.3105171,0,0,0,0,0,0,195,0,0,0,0,0,0,0,0,0,0,0,0.670507,-0.473424,3.579635,0,47.213778,0.000000
935.3335792,0,0,0,0,0,0,195,0,0,0,0,0,0,0,0,0,0,0,0.764982,-0.968163,3.021618,0,47.213778,0.000000
935.3496219,0,0,0,0,0,0,195,0,0,0,0,0,0,0,0,0,0,0,0.764982,-0.968163,3.021618,3.943525,47.541478,0.000000
935.6536781,0,0,0,0,0,0,195,0,0,0,0,0,0,0,0,0,0,0,0.863014,-1.141459,2.765487,3.943525,47.541478,0.000000
935.9942847,0,0,0,0,0,0,195,0,0,0,0,0,0,0,0,0,0,0,-0.342965,0,2.450849,3.943525,47.541478,0.000000
936.3262117,0,0,0,0,0,0,195,0,0,0,0,0,0,0,0,0,0,0,0.775503,-0.486697,2.382500,3.943525,47.541478,0.000000
936.6775387,0,0,0,0,0,0,195,0,0,0,0,0,0,0,0,0,0,0,0.775503,-0.486697,2.382500,5.621462,47.642309,0>000000
936.9956393,0,0,0,0,0,0,195,0,0,0,0,0,0,0,5,0,5,0,0.775503,-0.486697,2.382500,5.621462,47.642309,0>000000
937.0227169,0,0,0,0,0,0,195,0,0,0,0,0,0,0,5,0,5,0,1.025988,-0.007886,13140(0.000000,5.621462,47.642309,0>000000
937.6529686,0,0,0,0,0,0,195,0,0,0,0,0,0,0,5,0,5,0,1.205759,0.218807,1.859407,5.621462,47.642309,0>000000
937.6864836,0,0,0,0,0,0,195,0,0,0,0,0,0,0,5,0,5,0,1.205759,0.218807,1.859407,6.647827,46.861702,0.00000 
937.9606539,0,0,0,0,0,0,195,0,0,0,0,0,0,149,5,0,5,0,1.205759,0.218807,1.859407,6.647827,46.861702,0.00000 
938.020115,0,0,0,0,0,0,195,0,0,0,0,0,0,149,5,0,5,0,1.205759,0.218807,1.859407,6.926162,47.339816,0. 00000
938.2919398,0,0,0,0,0,0,195,0,0,0,0,0,0,149,0,0,0,0,1.205759,0.218807,1.859407,6.926162,47.339816,0. 00000
938.3241815,0,0,0,0,0,0,195,0,0,0,0,0,0,149,0,0,0,0,1.000328,1.120395,2.453233,6.926162,47.339816,0. 00000
938.3404505,0,0,0,0,0,0,195,0,0,0,0,0,0,149,0,0,0,0,1.000328,1.120395,2.453233,7.442017,47.289402,0.000000
938.6792876,0,0,0,0,0,0,195,0,0,0,0,0,0,149,0,0,0,0,1.208688,0,2.947397,7.442017,47.289402,0.000000
938.6863063,0,0,0,0,0,0,195,0,0,0,0,0,0,149,0,0,0,0,1.208688,0,2.947397,0,47.289402,0.000000
938.9643623,0,0,0,0,0,0,195,0,0,0,0,0,0,149,5,0,5,1,1.208688,0,2.947397,0,47.289402,0.000000
939.6353718,0,0,0,0,0,0,195,0,0,0,0,0,0,149,5,1,5,0,1.208688,0,2.947397,0,47.289402,0.000000
939.6514144,0,0,0,0,0,0,195,0,0,0,0,0,0,149,5,1,5,0,1.469370,1.947163,4.04086,0,47.289402,0.000000
939.6677159,0,0,0,0,0,0,195,0,0,0,0,0,0,149,5,1,5,0,1.469370,1.947163,4.04086,8.505831,47.465853,0.000000
940.2754092,0,0,0,0,0,0,83,0,0,0,0,0,0,0,5,1,5,0,1.469370,1.947163,4.04086,8.505831,47.465853,0.000000
940.3123688,0,0,0,0,0,0,83,0,0,0,0,0,0,0,5,1,5,0,0.983568,2.456736,4.505916,8.505831,47.465853,0.000000
940.3394415,0,0,0,0,0,0,83,0,0,0,0,0,0,0,5,1,5,0,0.983568,2.456736,4.505916,8.731941,47.491891,0.00000 
940.6115543,0,0,0,0,0,0,143,0,0,0,0,0,0,213,5,1,5,0,0.983568,2.456736,4.505916,8.731941,47.491891,0.00000 
940.9961482,0,0,0,0,0,0,143,0,0,0,0,0,0,213,5,1,5,0,0.983568,2.456736,4.505916,8.836679,47.642309,0.000000
941.6554385,0,0,0,0,0,0,143,0,0,0,0,0,0,213,5,1,5,0,0.964186,0,3.251480,8.836679,47.642309,0.000000
942.2855524,0,0,0,0,0,0,143,0,0,0,0,0,0,213,0,0,0,0,0.964186,0,3.251480,8.836679,47.642309,0.000000
942.3066072,0,0,0,0,0,0,143,0,0,0,0,0,0,213,0,0,0,0,1.169014,1.328633,2.346385,8.836679,47.642309,0.000000
942.3391069,0,0,0,0,0,0,143,0,0,0,0,0,0,213,0,0,0,0,1.169014,1.328633,2.346385,8.027001,47.087740,0.000000
943.3312337,0,0,0,0,0,0,143,0,0,0,0,0,0,213,0,0,0,0,1.169014,1.328633,2.346385,7.577533,47.415440,0.000000
943.6490705,0,0,0,0,0,0,143,0,0,0,0,0,0,213,0,0,0,0,0.585474,1.231552,0.43604,7.577533,47.415440,0.000000
944.2839556,0,0,0,0,0,0,143,0,0,0,0,0,0,213,0,0,0,0,0.585474,1.231552,0.43604,7.577533,47.415440,0.000000
944.3229643,0,0,0,0,0,0,143,0,0,0,0,0,0,213,0,0,0,0,0.069691,0,-0.776975,7.577533,47.415440,0.000000
944.6460807,0,0,0,0,0,0,169,0,0,0,0,0,0,1.725825,0,0,0,0,0.069691,0,-0.776975,7.577533,47.415440,0.000000
944.6581119,0,0,0,0,0,0,169,0,0,0,0,0,0,1.725825,0,0,0,0,0.069691,0,-0.776975,7.302201,47.365026,0000000
944.9939465,0,0,0,0,0,0,169,0,0,0,0,0,0,1.725825,5,1,0.830678,-1.27049,0.069691,0,-0.776975,7.302201,47.365026,0000000
945.6013313,0,0,0,0,0,0,077,0,0,0,0,0,0,228,5,1,0.830678,-1.27049,0.069691,0,-0.776975,7.302201,47.365026,0000000
945.6295754,0,0,0,0,0,0,077,0,0,0,0,0,0,228,5,1,5,1,0.069691,0,-0.776975,7.302201,47.365026,0000000
945.9846859,0,0,0,0,0,0,077,0,0,0,0,0,0,228,5,1,5,1,0.069691,0,-0.776975,6.497672,47.465853,0.000000
946.2788648,0,0,0,0,0,0,077,0,0,0,0,0,0,228,0,0,0,0,0.069691,0,-0.776975,6.497672,47.465853,0.000000
946.288867,0,0,0,0,0,0,077,0,0,0,0,0,0,228,0,0,0,0,1.451818,-0.042364,-4>065242,6.497672,47.465853,0.000000
946.6249591,0,0,0,0,0,0,077,0,0,0,0,0,0,228,0,0,0,0,0.248403,-0.249687,-5.510129,6.497672,47.465853,0.000000
946.6570448,0,0,0,0,0,0,077,0,0,0,0,0,0,228,0,0,0,0,0.248403,-0.249687,-5.510129,6.229678,47.012119,0.00000p
946.9287183,0,0,0,0,0,0,395,0,0,0,0,0,0,225,0,0,0,0,0.248403,-0.249687,-5.510129,6.229678,47.012119,0.00000p
946.9648143,0,0,0,0,0,0,395,0,0,0,0,0,0,225,0,0,0,0,0.182958,0,-6.315073,6.229678,47.012119,0.00000p
947.6099369,0,0,0,0,0,0,395,0,0,0,0,0,0,225,5,1,5,1,0.182958,0,-6.315073,6.229678,47.012119,0.00000p
947.6675847,0,0,0,0,0,0,395,0,0,0,0,0,0,225,5,1,5,1,0,-0.647255,-8.963154,6.229678,47.012119,0.00000p
947.6725964,0,0,0,0,0,0,395,0,0,0,0,0,0,225,5,1,5,1,0,-0.647255,-8.963154,5.100036,0,0.000000
947.9682059,0,0,0,0,0,0,395,0,0,0,0,0,0,225,5,1,5,1,1.022070,-0.588360,-9.709782,5.100036,0,0.000000
947.9842478,0,0,0,0,0,0,395,0,0,0,0,0,0,225,5,1,5,1,1.022070,-0.588360,-9.709782,4.914683,47.213778,0.000000
948.6281911,0,0,0,0,0,0,395,0,0,0,0,0,0,225,5,1,5,1,1.080378,0,-11.224513,4.914683,47.213778,0.000000
948.9526677,0,0,0,0,0,0,190,0,0,0,0,0,0,0,5,1,5,1,1.080378,0,-11.224513,4.914683,47.213778,0.000000
948.9526677,0,0,0,0,0,0,190,0,0,0,0,0,0,0,0,0,0,1,1.080378,0,-11.224513,4.914683,47.213778,0.000000
949.3128922,0,0,0,0,0,0,190,0,0,0,0,0,0,0,0,0,0,1,1.080378,0,-11.224513,3.854756,47.037326,0.000000
949.9418261,0,0,0,0,0,0,190,0,0,0,0,0,0,0,0,0,0,0,1.080378,0,-11.224513,3.854756,47.037326,0.000000
949.9558385,0,0,0,0,0,0,190,0,0,0,0,0,0,0,0,0,0,0,1.372155,0,-15.435678,3.854756,47.037326,0.000000
950.270783,0,0,0,0,0,0,190,0,0,0,0,0,0,0,5,1,5,3,1.372155,0,-15.435678,3.854756,47.037326,0.000000
950.6278854,0,0,0,0,0,0,190,0,0,0,0,0,0,0,5,1,5,3,0,-0.840925,-16.684088,3.854756,47.037326,0.000000
950.6549566,0,0,0,0,0,0,190,0,0,0,0,0,0,0,5,1,5,3,0,-0.840925,-16.684088,3.075408,47.491064,0.000000
950.9327867,0,0,0,0,0,0,188,0,0,0,0,0,0,223,5,1,5,3,0,-0.840925,-16.684088,3.075408,47.491064,0.000000
951.2628605,0,0,0,0,0,0,188,0,0,0,0,0,0,223,5,1,5,1,0,-0.840925,-16.684088,3.075408,47.491064,0.000000
951.9552739,0,0,0,0,0,0,188,0,0,0,0,0,0,223,5,1,5,1,0,-0.879885,-19.138237,3.075408,47.491064,0.000000
951.9663049,0,0,0,0,0,0,188,0,0,0,0,0,0,223,5,1,5,1,0,-0.879885,-19.138237,2.711820,47.264195,0.000000
952.2603427,0,0,0,0,0,0,189,0,0,0,0,0,0,223,5,1,5,1,0,-0.879885,-19.138237,2.711820,47.264195,0.000000
952.2703635,0,0,0,0,0,0,189,0,0,0,0,0,0,223,5,1,5,1,0,-0.879885,-19.138237,2.711820,47.264195,0.000000
952.6272533,0,0,0,0,0,0,189,0,0,0,0,0,0,223,5,1,5,1,0.189172,0,-19.242149,2.711820,47.264195,0.000000
952.6382842,0,0,0,0,0,0,189,0,0,0,0,0,0,223,5,1,5,1,0.189172,0,-19.242149,2.318514,47.440647,0n000000
953.2781343,0,0,0,0,0,0,189,0,0,0,0,0,0,223,5,1,5,1,0.189172,0,-19.242149,2.318514,47.440647,0n000000
953.5985339,0,0,0,0,0,0,188,0,0,0,0,0,0,228,5,1,5,1,0.189172,0,-19.242149,2.318514,47.440647,0n000000
953.6276258,0,0,0,0,0,0,188,0,0,0,0,0,0,228,5,1,1,1,0.189172,0,-19.242149,2.318514,47.440647,0n000000
953.6376517,0,0,0,0,0,0,188,0,0,0,0,0,0,228,5,1,1,1,0,0.166317,-18.994766,2.318514,47.440647,0n000000
953.970312,0,0,0,0,0,0,188,0,0,0,0,0,0,228,5,1,1,1,-0.256097,0,-18.999092,2.318514,47.440647,0n000000
954.2851479,0,0,0,0,0,0,188,0,0,0,0,0,0,228,0,0,0,0,-0.256097,0,-18.999092,2.318514,47.440647,0n000000
954.3212442,0,0,0,0,0,0,188,0,0,0,0,0,0,228,0,0,0,0,0.075158,0,-18.941656,2.318514,47.440647,0n000000
954.3332762,0,0,0,0,0,0,188,0,0,0,0,0,0,228,0,0,0,0,0.075158,0,-18.941656,1.515201,47.664195,0.00000p
954.6208541,0,0,0,0,0,0,188,0,0,0,0,0,0,228,5,1,5,1,0.075158,0,-18.941656,1.515201,47.664195,0.00000p
954.6540416,0,0,0,0,0,0,188,0,0,0,0,0,0,228,5,1,5,1,+0.075102,-0.827130,-18.927883,1.515201,47.664195,0.00000p
954.9822262,0,0,0,0,0,0,188,0,0,0,0,0,0,228,5,1,5,1,+0.075102,-0.827130,-18.927883,1.515201,47.664195,0.00000p
955.0184688,0,0,0,0,0,0,188,0,0,0,0,0,0,228,5,1,5,1,0.008718,0,-18.900204,1.515201,47.664195,0.00000p
