253.6671373,0,0,0,0,0,0,177,0,0,0,0,0,0,140,0,0,0,0,30.812300,-165.958740,43.125408,0.000000,56.641413,0.000000
253.6837638,0,0,0,0,0,0,177,0,0,0,0,0,0,140,0,0,0,0,30.812300,-165.958740,43.125408,0.000000,57.397640,0.000000
253.8908142,0,0,0,0,0,0,177,0,0,0,0,0,0,140,0.000000,0,-0.000000,0,30.812300,-165.958740,43.125408,0.000000,57.397640,0.000000
254.1309473,0,0,0,0,0,0,177,0,0,0,0,0,0,140,0.000000,0,-0.000000,0,30.812300,-165.958740,43.125408,0.000000,57.397640,0.000000
254.1632661,0,0,0,0,0,0,177,0,0,0,0,0,0,140,0.000000,0,-0.000000,0,-0.328824,164.292252,13.163630,0.000000,57.397640,0.000000
254.3546507,0,0,0,0,0,0,213,0,0,0,0,0,0,100,0.000000,0,-0.000000,0,-0.328824,164.292252,13.163630,0.000000,57.397640,0.000000
254.3703251,0,0,0,0,0,0,213,0,0,0,0,0,0,100,0.000000,0,-0.000000,0,-0.328824,164.292252,13.163630,0.000000,57.397640,0.000000
254.4034379,0,0,0,0,0,0,213,0,0,0,0,0,0,100,0.000000,0,-0.000000,0,-15.762549,157.168686,5.745335,0.000000,57.397640,0.000000
254.6115052,0,0,0,0,0,0,209,0,0,0,0,0,0,105,0.000000,0,-0.000000,0,-15.762549,157.168686,5.745335,0.000000,57.397640,0.000000
254.6265839,0,0,0,0,0,0,209,0,0,0,0,0,0,105,0.000000,0,-0.000000,0,-15.762549,157.168686,5.745335,0.000000,57.397640,0.000000
254.6755296,0,0,0,0,0,0,209,0,0,0,0,0,0,105,0.000000,0,-0.000000,0,-15.762549,157.168686,5.745335,0.000000,57.221189,0.000000
254.8530372,0,0,0,0,0,0,212,0,0,0,0,0,0,99,0.000000,0,-0.000000,0,-15.762549,157.168686,5.745335,0.000000,57.221189,0.000000
254.8661126,0,0,0,0,0,0,212,0,0,0,0,0,0,99,0.000000,0,-0.000000,0,-15.762549,157.168686,5.745335,0.000000,57.221189,0.000000
254.8980821,0,0,0,0,0,0,212,0,0,0,0,0,0,99,0.000000,0,-0.000000,0,-78.141991,-100.051987,-132.778915,0.000000,57.221189,0.000000
254.9141658,0,0,0,0,0,0,212,0,0,0,0,0,0,99,0.000000,0,-0.000000,0,-78.141991,-100.051987,-132.778915,0.000000,56.641413,0.000000
255.0900411,0,0,0,0,0,0,212,0,0,0,0,0,0,117,0.000000,0,-0.000000,0,-78.141991,-100.051987,-132.778915,0.000000,56.641413,0.000000
255.1221205,0,0,0,0,0,0,212,0,0,0,0,0,0,117,0.000000,0,-0.000000,0,-78.141991,-100.051987,-132.778915,0.000000,56.641413,0.000000
255.1381003,0,0,0,0,0,0,212,0,0,0,0,0,0,117,0.000000,0,-0.000000,0,-22.691795,-78.327454,170.484985,0.000000,56.641413,0.000000
255.1700244,0,0,0,0,0,0,212,0,0,0,0,0,0,117,0.000000,0,-0.000000,0,-22.691795,-78.327454,170.484985,0.000000,57.044733,0.000000
255.3478133,0,0,0,0,0,0,212,0,0,0,0,0,0,117,0.000000,0,-0.000000,0,-22.691795,-78.327454,170.484985,0.000000,57.044733,0.000000
255.3944554,0,0,0,0,0,0,212,0,0,0,0,0,0,117,0.000000,0,-0.000000,0,-21.285507,-79.318016,168.758911,0.000000,57.044733,0.000000
255.601524,0,0,0,0,0,0,212,0,0,0,0,0,0,117,0.000000,0,-0.000000,0,-21.285507,-79.318016,168.758911,0.000000,57.044733,0.000000
257.1212249,0,0,0,0,0,0,212,0,0,0,0,0,0,117,0.000000,0,-0.000000,0,-21.285507,-79.318016,168.758911,0.000000,57.221189,0.000000
257.2963724,0,0,0,0,0,0,213,0,0,0,0,0,0,90,0.000000,0,-0.000000,0,-21.285507,-79.318016,168.758911,0.000000,57.221189,0.000000
258.0501044,0,0,0,0,0,0,213,0,0,0,0,0,0,90,0.000000,0,-0.000000,0,-21.285507,-79.318016,168.758911,0.000000,57.221189,0.000000
258.0806438,0,0,0,0,0,0,213,0,0,0,0,0,0,90,0.000000,0,-0.000000,0,-24.609800,145.593292,-36.332481,0.000000,57.221189,0.000000
258.0970949,0,0,0,0,0,0,213,0,0,0,0,0,0,90,0.000000,0,-0.000000,0,-24.609800,145.593292,-36.332481,0.000000,57.221189,0.000000
258.2883598,0,0,0,0,0,0,214,0,0,0,0,0,0,93,0.000000,0,-0.000000,0,-24.609800,145.593292,-36.332481,0.000000,57.221189,0.000000
258.3043791,0,0,0,0,0,0,214,0,0,0,0,0,0,93,0.000000,0,-0.000000,0,-24.609800,145.593292,-36.332481,0.000000,57.221189,0.000000
258.3529653,0,0,0,0,0,0,214,0,0,0,0,0,0,93,0.000000,0,-0.000000,0,-24.609800,145.593292,-36.332481,0.000000,57.372433,0.000000
258.5278075,0,0,0,0,0,0,213,0,0,0,0,0,0,95,0.000000,0,-0.000000,0,-24.609800,145.593292,-36.332481,0.000000,57.372433,0.000000
258.5919777,0,0,0,0,0,0,213,0,0,0,0,0,0,95,0.000000,0,-0.000000,0,-24.609800,145.593292,-36.332481,0.000000,57.271602,0.000000
258.7841749,0,0,0,0,0,0,217,0,0,0,0,0,0,104,0.000000,0,-0.000000,0,-24.609800,145.593292,-36.332481,0.000000,57.271602,0.000000
258.7992145,0,0,0,0,0,0,217,0,0,0,0,0,0,104,0.000000,0,-0.000000,0,-24.609800,145.593292,-36.332481,0.000000,57.271602,0.000000
258.8477786,0,0,0,0,0,0,217,0,0,0,0,0,0,104,0.000000,0,-0.000000,0,-24.609800,145.593292,-36.332481,0.000000,56.868282,0.000000
259.0393812,0,0,0,0,0,0,217,0,0,0,0,0,0,104,0.000000,0,-0.000000,0,-24.609800,145.593292,-36.332481,0.000000,56.868282,0.000000
260.5107275,0,0,0,0,0,0,217,0,0,0,0,0,0,104,0.000000,0,-0.000000,0,-24.609800,145.593292,-36.332481,0.000000,56.868282,0.000000
263.2133839,0,0,0,0,0,0,217,0,0,0,0,0,0,104,0.000000,0,-0.000000,0,3.213738,173.826157,-24.507767,0.000000,56.868282,0.000000
263.7083564,0,0,0,0,0,0,217,0,0,0,0,0,0,104,0.000000,0,-0.000000,0,-49.327114,155.994629,-55.570305,0.000000,56.868282,0.000000
263.724399,0,0,0,0,0,0,217,0,0,0,0,0,0,104,0.000000,0,-0.000000,0,-49.327114,155.994629,-55.570305,0.000000,57.347226,0.000000
265.868076,0,0,0,0,0,0,210,0,0,0,0,0,0,92,0.000000,0,-0.000000,0,-49.327114,155.994629,-55.570305,0.000000,57.347226,0.000000
271.958993,0,0,0,0,0,0,212,0,0,0,0,0,0,98,0.000000,0,-0.000000,0,-49.327114,155.994629,-55.570305,0.000000,57.347226,0.000000
273.6859118,0,0,0,0,0,0,212,0,0,0,0,0,0,98,0.000000,0,-0.000000,0,-49.327114,155.994629,-55.570305,0.000000,57.347226,0.000000
274.724563,0,0,0,0,0,0,212,0,0,0,0,0,0,98,0.000000,0,-0.000000,0,-3.997313,-27,0.000000,0.000000,57.347226,0.000000
274.9007831,0,0,0,0,0,0,213,0,0,0,0,0,0,104,0.000000,0,-0.000000,0,-3.997313,-27,0.000000,0.000000,57.347226,0.000000
274.9328621,0,0,0,0,0,0,213,0,0,0,0,0,0,104,0.000000,0,-0.000000,0,-3.997313,-27,0.000000,0.000000,57.347226,0.000000
275.1721052,0,0,0,0,0,0,213,0,0,0,0,0,0,104,0.000000,0,-0.000000,0,-3.997313,-27,0.000000,0.000000,57.347226,0.000000
275.204151,0,0,0,0,0,0,213,0,0,0,0,0,0,104,0.000000,0,-0.000000,0,-47.353256,-164.649780,177.790039,0.000000,57.347226,0.000000
275.2202327,0,0,0,0,0,0,213,0,0,0,0,0,0,104,0.000000,0,-0.000000,0,-47.353256,-164.649780,177.790039,0.000000,57.195978,0.000000
275.6683098,0,0,0,0,0,0,213,0,0,0,0,0,0,104,0.000000,0,-0.000000,0,-47.353256,-164.649780,177.790039,0.000000,57.195978,0.000000
275.7015064,0,0,0,0,0,0,213,0,0,0,0,0,0,104,0.000000,0,-0.000000,0,-23.430799,-10,46.710194,0.000000,57.195978,0.000000
275.7155619,0,0,0,0,0,0,213,0,0,0,0,0,0,104,0.000000,0,-0.000000,0,-23.430799,-10,46.710194,0.000000,57.145564,0.000000
275.9080345,0,0,0,0,0,0,209,0,0,0,0,0,0,90.000000000,0.000000,0,-0.000000,0,-23.430799,-10,46.710194,0.000000,57.145564,0.000000
280.0820877,0,0,0,0,0,0,209,0,0,0,0,0,0,90.000000000,0.000000,0,-0.000000,0,-62.715755,-80.064163,85.932968,0.000000,57.145564,0.000000
280.0971297,0,0,0,0,0,0,209,0,0,0,0,0,0,90.000000000,0.000000,0,-0.000000,0,-62.715755,-80.064163,85.932968,0.000000,57.347226,0.000000
280.2904596,0,0,0,0,0,0,209,0,0,0,0,0,0,89,0.000000,0,-0.000000,0,-62.715755,-80.064163,85.932968,0.000000,57.347226,0.000000
280.3044977,0,0,0,0,0,0,209,0,0,0,0,0,0,89,0.000000,0,-0.000000,0,-62.715755,-80.064163,85.932968,0.000000,57.347226,0.000000
280.3536547,0,0,0,0,0,0,209,0,0,0,0,0,0,89,0.000000,0,-0.000000,0,-62.715755,-80.064163,85.932968,0.000000,57.170771,0.000000
280.5287754,0,0,0,0,0,0,208,0,0,0,0,0,0,100,0.000000,0,-0.000000,0,-62.715755,-80.064163,85.932968,0.000000,57.170771,0.000000
280.5448505,0,0,0,0,0,0,208,0,0,0,0,0,0,100,0.000000,0,-0.000000,0,-62.715755,-80.064163,85.932968,0.000000,57.170771,0.000000
280.5781233,0,0,0,0,0,0,208,0,0,0,0,0,0,100,0.000000,0,-0.000000,0,1.199275,-91.975998,29.103237,0.000000,57.170771,0.000000
280.5931656,0,0,0,0,0,0,208,0,0,0,0,0,0,100,0.000000,0,-0.000000,0,1.199275,-91.975998,29.103237,0.000000,57.221189,0.000000
280.7702486,0,0,0,0,0,0,208,0,0,0,0,0,0,100,0.000000,0,-0.000000,0,1.199275,-91.975998,29.103237,0.000000,57.221189,0.000000
280.8008441,0,0,0,0,0,0,208,0,0,0,0,0,0,100,0.000000,0,-0.000000,0,1.199275,-91.975998,29.103237,0.000000,57.221189,0.000000
280.8169231,0,0,0,0,0,0,208,0,0,0,0,0,0,100,0.000000,0,-0.000000,0,32.653526,-107.904991,-5.216522,0.000000,57.221189,0.000000
280.8486829,0,0,0,0,0,0,208,0,0,0,0,0,0,100,0.000000,0,-0.000000,0,32.653526,-107.904991,-5.216522,0.000000,56.918696,0.000000
281.0405064,0,0,0,0,0,0,208,0,0,0,0,0,0,100,0.000000,0,-0.000000,0,32.653526,-107.904991,-5.216522,0.000000,56.918696,0.000000
281.0734351,0,0,0,0,0,0,208,0,0,0,0,0,0,100,0.000000,0,-0.000000,0,36.722626,-125.837456,-22.837986,0.000000,56.918696,0.000000
281.0891024,0,0,0,0,0,0,208,0,0,0,0,0,0,100,0.000000,0,-0.000000,0,36.722626,-125.837456,-22.837986,0.000000,57.195978,0.000000
281.280557,0,0,0,0,0,0,208,0,0,0,0,0,0,100,0.000000,0,-0.000000,0,36.722626,-125.837456,-22.837986,0.000000,57.195978,0.000000
281.3127351,0,0,0,0,0,0,208,0,0,0,0,0,0,100,0.000000,0,-0.000000,0,24.108494,-137.942154,-43.792389,0.000000,57.195978,0.000000
281.3452332,0,0,0,0,0,0,208,0,0,0,0,0,0,100,0.000000,0,-0.000000,0,24.108494,-137.942154,-43.792389,0.000000,57.322016,0.000000
281.9530825,0,0,0,0,0,0,208,0,0,0,0,0,0,99,0.000000,0,-0.000000,0,24.108494,-137.942154,-43.792389,0.000000,57.322016,0.000000
282.0005756,0,0,0,0,0,0,208,0,0,0,0,0,0,99,0.000000,0,-0.000000,0,12.867345,-117.569611,-31.018097,0.000000,57.322016,0.000000
282.0156574,0,0,0,0,0,0,208,0,0,0,0,0,0,99,0.000000,0,-0.000000,0,12.867345,-117.569611,-31.018097,0.000000,58.834470,0.000000
282.2082402,0,0,0,0,0,0,214,0,0,0,0,0,0,169,0.000000,0,-0.000000,0,12.867345,-117.569611,-31.018097,0.000000,58.834470,0.000000
282.4472569,0,0,0,0,0,0,133,0,0,0,0,0,0,23,0.000000,0,-0.000000,0,12.867345,-117.569611,-31.018097,0.000000,58.834470,0.000000
282.4633012,0,0,0,0,0,0,133,0,0,0,0,0,0,23,0.000000,0,-0.000000,0,12.867345,-117.569611,-31.018097,0.000000,58.834470,0.000000
282.4953857,0,0,0,0,0,0,133,0,0,0,0,0,0,23,0.000000,0,-0.000000,0,-15.320720,-176.652191,-146.674881,0.000000,58.834470,0.000000
282.5114287,0,0,0,0,0,0,133,0,0,0,0,0,0,23,0.000000,0,-0.000000,0,-15.320720,-176.652191,-146.674881,0.000000,57.322016,0.000000
282.7038227,0,0,0,0,0,0,224,0,0,0,0,0,0,23,0.000000,0,-0.000000,0,-15.320720,-176.652191,-146.674881,0.000000,57.322016,0.000000
282.7199068,0,0,0,0,0,0,224,0,0,0,0,0,0,23,0.000000,0,-0.000000,0,-15.320720,-176.652191,-146.674881,0.000000,57.322016,0.000000
282.7519506,0,0,0,0,0,0,224,0,0,0,0,0,0,23,0.000000,0,-0.000000,0,-15.320720,-176.652191,-146.674881,0.000000,57.195978,0.000000
282.9438096,0,0,0,0,0,0,224,0,0,0,0,0,0,160,0.000000,0,-0.000000,0,-15.320720,-176.652191,-146.674881,0.000000,57.195978,0.000000
282.9598254,0,0,0,0,0,0,224,0,0,0,0,0,0,160,0.360000,0,0.360000,0,-15.320720,-176.652191,-146.674881,0.000000,57.195978,0.000000
282.9758685,0,0,0,0,0,0,224,0,0,0,0,0,0,160,0.360000,0,0.360000,0,-40.311813,-120.685188,66.738297,0.000000,57.195978,0.000000
283.1837378,0,0,0,0,0,0,205,0,0,0,0,0,0,85,0.360000,0,0.360000,0,-40.311813,-120.685188,66.738297,0.000000,57.195978,0.000000
283.21482,0,0,0,0,0,0,205,0,0,0,0,0,0,85,0.000000,0,-0.000000,0,-40.311813,-120.685188,66.738297,0.000000,57.195978,0.000000
283.2308638,0,0,0,0,0,0,205,0,0,0,0,0,0,85,0.000000,0,-0.000000,0,-35.623627,-115.758110,44.546436,0.000000,57.195978,0.000000
283.2469053,0,0,0,0,0,0,205,0,0,0,0,0,0,85,0.000000,0,-0.000000,0,-35.623627,-115.758110,44.546436,0.000000,57.044733,0.000000
283.7424055,0,0,0,0,0,0,205,0,0,0,0,0,0,85,0.000000,0,-0.000000,0,-35.623627,-115.758110,44.546436,0.000000,57.120358,0.000000
285.2137818,0,0,0,0,0,0,205,0,0,0,0,0,0,85,0.000000,0,-0.000000,0,-35.623627,-115.758110,44.546436,0.000000,57.145564,0.000000
285.4054749,0,0,0,0,0,0,209,0,0,0,0,0,0,112,0.000000,0,-0.000000,0,-35.623627,-115.758110,44.546436,0.000000,57.145564,0.000000
285.4215175,0,0,0,0,0,0,209,0,0,0,0,0,0,112,0.000000,0,-0.000000,0,-35.623627,-115.758110,44.546436,0.000000,57.145564,0.000000
285.4375614,0,0,0,0,0,0,209,0,0,0,0,0,0,112,0.000000,0,-0.000000,0,-19.950117,-106.622772,93.962967,0.000000,57.145564,0.000000
285.6620596,0,0,0,0,0,0,209,0,0,0,0,0,0,112,0.000000,0,-0.000000,0,-19.950117,-106.622772,93.962967,0.000000,57.145564,0.000000
285.6931418,0,0,0,0,0,0,209,0,0,0,0,0,0,112,0.000000,0,-0.000000,0,7.102695,-116.308472,41.789917,0.000000,57.145564,0.000000
285.7091848,0,0,0,0,0,0,209,0,0,0,0,0,0,112,0.000000,0,-0.000000,0,7.102695,-116.308472,41.789917,0.000000,57.271602,0.000000
285.8851415,0,0,0,0,0,0,213,0,0,0,0,0,0,84,0.000000,0,-0.000000,0,7.102695,-116.308472,41.789917,0.000000,57.271602,0.000000
285.9011833,0,0,0,0,0,0,213,0,0,0,0,0,0,84,0.000000,0,-0.000000,0,7.102695,-116.308472,41.789917,0.000000,57.271602,0.000000
285.9332678,0,0,0,0,0,0,213,0,0,0,0,0,0,84,0.000000,0,-0.000000,0,11.351127,-117.343109,34.519424,0.000000,57.271602,0.000000
286.1412256,0,0,0,0,0,0,179,0,0,0,0,0,0,51,0.000000,0,-0.000000,0,11.351127,-117.343109,34.519424,0.000000,57.271602,0.000000
286.1573109,0,0,0,0,0,0,179,0,0,0,0,0,0,51,0.000000,0,-0.000000,0,11.351127,-117.343109,34.519424,0.000000,57.271602,0.000000
286.1893934,0,0,0,0,0,0,179,0,0,0,0,0,0,51,0.000000,0,-0.000000,0,12.470172,-123.103760,26.990953,0.000000,57.271602,0.000000
286.2054349,0,0,0,0,0,0,179,0,0,0,0,0,0,51,0.000000,0,-0.000000,0,12.470172,-123.103760,26.990953,0.000000,57.422847,0.000000
286.3965007,0,0,0,0,0,0,179,0,0,0,0,0,0,51,0.000000,0,-0.000000,0,12.470172,-123.103760,26.990953,0.000000,57.422847,0.000000
286.4285864,0,0,0,0,0,0,179,0,0,0,0,0,0,51,0.000000,0,-0.000000,0,6.543427,-157.666031,-36.693996,0.000000,57.422847,0.000000
286.6220359,0,0,0,0,0,0,179,0,0,0,0,0,0,51,0.000000,0,-0.000000,0,6.543427,-157.666031,-36.693996,0,0,0
287.0850432,0,0,0,0,0,0,234,0,0,0,0,0,0,60,0.000000,0,-0.000000,0,6.543427,-157.666031,-36.693996,0,0,0
287.116127,0,0,0,0,0,0,234,0,0,0,0,0,0,60,0.000000,0,-0.000000,0,6.543427,-157.666031,-36.693996,0,0,0
287.1321681,0,0,0,0,0,0,234,0,0,0,0,0,0,60,0.000000,0,-0.000000,0,-59.392563,-108.362274,121.686028,0,0,0
287.1642909,0,0,0,0,0,0,234,0,0,0,0,0,0,60,0.000000,0,-0.000000,0,-59.392563,-108.362274,121.686028,0.000000,57.019527,0.000000
287.340357,0,0,0,0,0,0,208,0,0,0,0,0,0,139,0.000000,0,-0.000000,0,-59.392563,-108.362274,121.686028,0.000000,57.019527,0.000000
288.573185,0,0,0,0,0,0,223,0,0,0,0,0,0,150,0.000000,0,-0.000000,0,-59.392563,-108.362274,121.686028,0.000000,57.019527,0.000000
288.5872433,0,0,0,0,0,0,223,0,0,0,0,0,0,150,0.000000,0,-0.000000,0,-59.392563,-108.362274,121.686028,0.000000,57.019527,0.000000
288.604048,0,0,0,0,0,0,223,0,0,0,0,0,0,150,0.000000,0,-0.000000,0,-43.915836,-174.875687,-138.313370,0.000000,57.019527,0.000000
288.6361116,0,0,0,0,0,0,223,0,0,0,0,0,0,150,0.000000,0,-0.000000,0,-43.915836,-174.875687,-138.313370,0.000000,57.271602,0.000000
288.8604604,0,0,0,0,0,0,223,0,0,0,0,0,0,150,0.000000,0,-0.000000,0,-47.076389,-142.143555,-179.861023,0.000000,57.271602,0.000000
288.8756817,0,0,0,0,0,0,223,0,0,0,0,0,0,150,0.000000,0,-0.000000,0,-47.076389,-142.143555,-179.861023,0.000000,56.817864,0.000000
289.0527335,0,0,0,0,0,0,223,0,0,0,0,0,0,123,0.000000,0,-0.000000,0,-47.076389,-142.143555,-179.861023,0.000000,56.817864,0.000000
289.0828328,0,0,0,0,0,0,223,0,0,0,0,0,0,123,0.000000,0,-0.000000,0,-47.076389,-142.143555,-179.861023,0.000000,56.817864,0.000000
289.0988743,0,0,0,0,0,0,223,0,0,0,0,0,0,123,0.000000,0,-0.000000,0,-31.168385,-109.573837,96.950211,0.000000,56.817864,0.000000
289.1309975,0,0,0,0,0,0,223,0,0,0,0,0,0,123,0.000000,0,-0.000000,0,-31.168385,-109.573837,96.950211,0.000000,57.347226,0.000000
289.3064769,0,0,0,0,0,0,223,0,0,0,0,0,0,123,0.000000,0,-0.000000,0,-31.168385,-109.573837,96.950211,0.000000,57.347226,0.000000
289.3225219,0,0,0,0,0,0,223,0,0,0,0,0,0,123,0.000000,0,-0.000000,0,-31.168385,-109.573837,96.950211,0.000000,57.347226,0.000000
289.3545685,0,0,0,0,0,0,223,0,0,0,0,0,0,123,0.000000,0,-0.000000,0,-2,-103.680374,84.739410,0.000000,57.347226,0.000000
289.3706111,0,0,0,0,0,0,223,0,0,0,0,0,0,123,0.000000,0,-0.000000,0,-2,-103.680374,84.739410,0.000000,57.448054,0.000000
289.5943097,0,0,0,0,0,0,223,0,0,0,0,0,0,123,0.000000,0,-0.000000,0,-0.152848,-122.310020,37.003647,0.000000,57.448054,0.000000
289.6103516,0,0,0,0,0,0,223,0,0,0,0,0,0,123,0.000000,0,-0.000000,0,-0.152848,-122.310020,37.003647,0.000000,57.271602,0.000000
289.8341608,0,0,0,0,0,0,223,0,0,0,0,0,0,123,0.000000,0,-0.000000,0,12.169403,-136.511566,-14.157014,0.000000,57.271602,0.000000
289.866203,0,0,0,0,0,0,223,0,0,0,0,0,0,123,0.000000,0,-0.000000,0,12.169403,-136.511566,-14.157014,0.000000,57.347226,0.000000
290.0421593,0,0,0,0,0,0,163,0,0,0,0,0,0,3,0.000000,0,-0.000000,0,12.169403,-136.511566,-14.157014,0.000000,57.347226,0.000000
290.0582031,0,0,0,0,0,0,163,0,0,0,0,0,0,3,0.000000,0,-0.000000,0,12.169403,-136.511566,-14.157014,0.000000,57.347226,0.000000
290.0902872,0,0,0,0,0,0,163,0,0,0,0,0,0,3,0.000000,0,-0.000000,0,-2.907162,-161.597092,-73.811356,0.000000,57.347226,0.000000
290.1063303,0,0,0,0,0,0,163,0,0,0,0,0,0,3,0.000000,0,-0.000000,0,-2.907162,-161.597092,-73.811356,0.000000,57.322016,0.000000
290.329814,0,0,0,0,0,0,163,0,0,0,0,0,0,3,0.000000,0,-0.000000,0,-7.908978,-153.680145,-116.688705,0.000000,57.322016,0.000000
290.3619004,0,0,0,0,0,0,163,0,0,0,0,0,0,3,0.000000,0,-0.000000,0,-7.908978,-153.680145,-116.688705,0.000000,57.145564,0.000000
290.5374778,0,0,0,0,0,0,118,0,0,0,0,0,0,73,0.000000,0,-0.000000,0,-7.908978,-153.680145,-116.688705,0.000000,57.145564,0.000000
290.5535189,0,0,0,0,0,0,118,0,0,0,0,0,0,73,0.000000,0,-0.000000,0,-7.908978,-153.680145,-116.688705,0.000000,57.145564,0.000000
290.5695615,0,0,0,0,0,0,118,0,0,0,0,0,0,73,0.000000,0,-0.000000,0,-32.392014,-161.873932,175.411194,0.000000,57.145564,0.000000
290.601648,0,0,0,0,0,0,118,0,0,0,0,0,0,73,0.000000,0,-0.000000,0,-32.392014,-161.873932,175.411194,0.000000,57.448054,0.000000
290.8251645,0,0,0,0,0,0,118,0,0,0,0,0,0,73,0.000000,0,-0.000000,0,-35.968586,-135.463150,108.706924,0.000000,57.448054,0.000000
290.8412071,0,0,0,0,0,0,118,0,0,0,0,0,0,73,0.000000,0,-0.000000,0,-35.968586,-135.463150,108.706924,0.000000,57.145564,0.000000
291.0971072,0,0,0,0,0,0,118,0,0,0,0,0,0,73,0.000000,0,-0.000000,0,-35.968586,-135.463150,108.706924,0.000000,57.170771,0.000000
291.3058187,0,0,0,0,0,0,118,0,0,0,0,0,0,73,0.000000,0,-0.000000,0,-3.759168,-134.100037,-21.937805,0.000000,57.170771,0.000000
291.5128967,0,0,0,0,0,0,223,0,0,0,0,0,0,108,0.000000,0,-0.000000,0,-3.759168,-134.100037,-21.937805,0.000000,57.170771,0.000000
291.5449903,0,0,0,0,0,0,223,0,0,0,0,0,0,108,0.210000,0,0.210000,0,-3.759168,-134.100037,-21.937805,0.000000,57.170771,0.000000
292.2826942,0,0,0,0,0,0,223,0,0,0,0,0,0,108,0.210000,0,0.210000,0,-3.759168,-134.100037,-21.937805,0.000000,58.355529,0.000000
292.4562059,0,0,0,0,0,0,57,0,0,0,0,0,0,148,0.210000,0,0.210000,0,-3.759168,-134.100037,-21.937805,0.000000,58.355529,0.000000
292.4882512,0,0,0,0,0,0,57,0,0,0,0,0,0,148,0.000000,0,-0.000000,0,-3.759168,-134.100037,-21.937805,0.000000,58.355529,0.000000
292.7287605,0,0,0,0,0,0,57,0,0,0,0,0,0,148,0.000000,0,-0.000000,0,-3.759168,-134.100037,-21.937805,0.000000,58.355529,0.000000
292.7598897,0,0,0,0,0,0,57,0,0,0,0,0,0,148,0.000000,0,-0.000000,0,-7.842567,-158.787537,71.148727,0.000000,58.355529,0.000000
292.7759253,0,0,0,0,0,0,57,0,0,0,0,0,0,148,0.000000,0,-0.000000,0,-7.842567,-158.787537,71.148727,0.000000,56.969113,0.000000
292.9531979,0,0,0,0,0,0,199,0,0,0,0,0,0,20,0.000000,0,-0.000000,0,-7.842567,-158.787537,71.148727,0.000000,56.969113,0.000000
293.016367,0,0,0,0,0,0,199,0,0,0,0,0,0,20,0.000000,0,-0.000000,0,-7.842567,-158.787537,71.148727,0.000000,57.271602,0.000000
293.2076121,0,0,0,0,0,0,237,0,0,0,0,0,0,127,0.000000,0,-0.000000,0,-7.842567,-158.787537,71.148727,0.000000,57.271602,0.000000
293.2236555,0,0,0,0,0,0,237,0,0,0,0,0,0,127,0.000000,0,-0.000000,0,-7.842567,-158.787537,71.148727,0.000000,57.271602,0.000000
293.2717826,0,0,0,0,0,0,237,0,0,0,0,0,0,127,0.000000,0,-0.000000,0,-7.842567,-158.787537,71.148727,0.000000,56.792658,0.000000
293.448311,0,0,0,0,0,0,232,0,0,0,0,0,0,127,0.000000,0,-0.000000,0,-7.842567,-158.787537,71.148727,0.000000,56.792658,0.000000
293.4633501,0,0,0,0,0,0,232,0,0,0,0,0,0,127,0.000000,0,-0.000000,0,-7.842567,-158.787537,71.148727,0.000000,56.792658,0.000000
293.4954734,0,0,0,0,0,0,232,0,0,0,0,0,0,127,0.000000,0,-0.000000,0,-30.834593,-137.413391,-69.715370,0.000000,56.792658,0.000000
293.5114804,0,0,0,0,0,0,232,0,0,0,0,0,0,127,0.000000,0,-0.000000,0,-30.834593,-137.413391,-69.715370,0.000000,57.246395,0.000000
293.703313,0,0,0,0,0,0,215,0,0,0,0,0,0,105,0.000000,0,-0.000000,0,-30.834593,-137.413391,-69.715370,0.000000,57.246395,0.000000
293.7193553,0,0,0,0,0,0,215,0,0,0,0,0,0,105,0.000000,0,-0.000000,0,-30.834593,-137.413391,-69.715370,0.000000,57.246395,0.000000
293.7353991,0,0,0,0,0,0,215,0,0,0,0,0,0,105,0.000000,0,-0.000000,0,-24.652977,-124.056885,-144.583237,0.000000,57.246395,0.000000
293.7674844,0,0,0,0,0,0,215,0,0,0,0,0,0,105,0.000000,0,-0.000000,0,-24.652977,-124.056885,-144.583237,0.000000,57.498471,0.000000
293.943413,0,0,0,0,0,0,217,0,0,0,0,0,0,103,0.000000,0,-0.000000,0,-24.652977,-124.056885,-144.583237,0.000000,57.498471,0.000000
293.9594533,0,0,0,0,0,0,217,0,0,0,0,0,0,103,0.000000,0,-0.000000,0,-24.652977,-124.056885,-144.583237,0.000000,57.498471,0.000000
293.9915014,0,0,0,0,0,0,217,0,0,0,0,0,0,103,0.000000,0,-0.000000,0,-6.755696,-131.159012,155.902283,0.000000,57.498471,0.000000
294.0075824,0,0,0,0,0,0,217,0,0,0,0,0,0,103,0.000000,0,-0.000000,0,-6.755696,-131.159012,155.902283,0.000000,57.145564,0.000000
294.1835031,0,0,0,0,0,0,217,0,0,0,0,0,0,105,0.000000,0,-0.000000,0,-6.755696,-131.159012,155.902283,0.000000,57.145564,0.000000
294.1995829,0,0,0,0,0,0,217,0,0,0,0,0,0,105,0.000000,0,-0.000000,0,-6.755696,-131.159012,155.902283,0.000000,57.145564,0.000000
294.231631,0,0,0,0,0,0,217,0,0,0,0,0,0,105,0.000000,0,-0.000000,0,-12.456671,-150.043594,102.398979,0.000000,57.145564,0.000000
294.2637242,0,0,0,0,0,0,217,0,0,0,0,0,0,105,0.000000,0,-0.000000,0,-12.456671,-150.043594,102.398979,0.000000,57.473264,0.000000
294.4396406,0,0,0,0,0,0,218,0,0,0,0,0,0,105,0.000000,0,-0.000000,0,-12.456671,-150.043594,102.398979,0.000000,57.473264,0.000000
294.5031316,0,0,0,0,0,0,218,0,0,0,0,0,0,105,0.000000,0,-0.000000,0,-12.456671,-150.043594,102.398979,0.000000,57.044733,0.000000
294.6787367,0,0,0,0,0,0,219,0,0,0,0,0,0,98,0.000000,0,-0.000000,0,-12.456671,-150.043594,102.398979,0.000000,57.044733,0.000000
294.6947805,0,0,0,0,0,0,219,0,0,0,0,0,0,98,0.000000,0,-0.000000,0,-12.456671,-150.043594,102.398979,0.000000,57.044733,0.000000
294.7429479,0,0,0,0,0,0,219,0,0,0,0,0,0,98,0.000000,0,-0.000000,0,-12.456671,-150.043594,102.398979,0.000000,57.170771,0.000000
294.9509626,0,0,0,0,0,0,219,0,0,0,0,0,0,98,0.000000,0,-0.000000,0,-12.456671,-150.043594,102.398979,0.000000,57.170771,0.000000
294.9670049,0,0,0,0,0,0,219,0,0,0,0,0,0,98,0.000000,0,-0.000000,0,-46.694557,-125.645950,-53.785355,0.000000,57.170771,0.000000
294.9990901,0,0,0,0,0,0,219,0,0,0,0,0,0,98,0.000000,0,-0.000000,0,-46.694557,-125.645950,-53.785355,0.000000,57.246395,0.000000
295.1749433,0,0,0,0,0,0,97,0,0,0,0,0,0,84,0.000000,0,-0.000000,0,-46.694557,-125.645950,-53.785355,0.000000,57.246395,0.000000
295.1909859,0,0,0,0,0,0,97,0,0,0,0,0,0,84,0.000000,0,-0.000000,0,-46.694557,-125.645950,-53.785355,0.000000,57.246395,0.000000
295.2391139,0,0,0,0,0,0,97,0,0,0,0,0,0,84,0.000000,0,-0.000000,0,-46.694557,-125.645950,-53.785355,0.000000,57.372433,0.000000
295.4147809,0,0,0,0,0,0,222,0,0,0,0,0,0,38,0.000000,0,-0.000000,0,-46.694557,-125.645950,-53.785355,0.000000,57.372433,0.000000
295.4307821,0,0,0,0,0,0,222,0,0,0,0,0,0,38,0.000000,0,-0.000000,0,-46.694557,-125.645950,-53.785355,0.000000,57.372433,0.000000
295.4949539,0,0,0,0,0,0,222,0,0,0,0,0,0,38,0.000000,0,-0.000000,0,-46.694557,-125.645950,-53.785355,0.000000,57.271602,0.000000
295.6700635,0,0,0,0,0,0,229,0,0,0,0,0,0,159,0.000000,0,-0.000000,0,-46.694557,-125.645950,-53.785355,0.000000,57.271602,0.000000
295.6861061,0,0,0,0,0,0,229,0,0,0,0,0,0,159,0.000000,0,-0.000000,0,-46.694557,-125.645950,-53.785355,0.000000,57.271602,0.000000
295.7342353,0,0,0,0,0,0,229,0,0,0,0,0,0,159,0.000000,0,-0.000000,0,-46.694557,-125.645950,-53.785355,0.000000,57.246395,0.000000
295.9106719,0,0,0,0,0,0,210,0,0,0,0,0,0,49,0.000000,0,-0.000000,0,-46.694557,-125.645950,-53.785355,0.000000,57.246395,0.000000
295.9267146,0,0,0,0,0,0,210,0,0,0,0,0,0,49,0.000000,0,-0.000000,0,-46.694557,-125.645950,-53.785355,0.000000,57.246395,0.000000
295.9588014,0,0,0,0,0,0,210,0,0,0,0,0,0,49,0.000000,0,-0.000000,0,8.369070,-127.085129,-149.965057,0.000000,57.246395,0.000000
295.9748429,0,0,0,0,0,0,210,0,0,0,0,0,0,49,0.000000,0,-0.000000,0,8.369070,-127.085129,-149.965057,0.000000,57.170771,0.000000
296.152925,0,0,0,0,0,0,222,0,0,0,0,0,0,104,0.000000,0,-0.000000,0,8.369070,-127.085129,-149.965057,0.000000,57.170771,0.000000
296.1659608,0,0,0,0,0,0,222,0,0,0,0,0,0,104,0.000000,0,-0.000000,0,8.369070,-127.085129,-149.965057,0.000000,57.170771,0.000000
296.214195,0,0,0,0,0,0,222,0,0,0,0,0,0,104,0.000000,0,-0.000000,0,8.369070,-127.085129,-149.965057,0.000000,57.221189,0.000000
296.4060698,0,0,0,0,0,0,220,0,0,0,0,0,0,103,0.000000,0,-0.000000,0,8.369070,-127.085129,-149.965057,0.000000,57.221189,0.000000
296.4221101,0,0,0,0,0,0,220,0,0,0,0,0,0,103,0.000000,0,-0.000000,0,8.369070,-127.085129,-149.965057,0.000000,57.221189,0.000000
296.4702001,0,0,0,0,0,0,220,0,0,0,0,0,0,103,0.000000,0,-0.000000,0,8.369070,-127.085129,-149.965057,0.000000,57.145564,0.000000
296.6462492,0,0,0,0,0,0,223,0,0,0,0,0,0,105,0.000000,0,-0.000000,0,8.369070,-127.085129,-149.965057,0.000000,57.145564,0.000000
296.9979646,0,0,0,0,0,0,223,0,0,0,0,0,0,105,0.000000,0,-0.000000,0,0,0,5 .183178,0.000000,57.145564,0.000000
297.3493158,0,0,0,0,0,0,222,0,0,0,0,0,0,105,0.000000,0,-0.000000,0,0,0,5 .183178,0.000000,57.145564,0.000000
297.3653596,0,0,0,0,0,0,222,0,0,0,0,0,0,105,0.000000,0,-0.000000,0,0,0,5 .183178,0.000000,57.145564,0.000000
297.3974812,0,0,0,0,0,0,222,0,0,0,0,0,0,105,0.000000,0,-0.000000,0,-8.421579,-90.403717,-60.730392,0.000000,57.145564,0.000000
297.4135282,0,0,0,0,0,0,222,0,0,0,0,0,0,105,0.000000,0,-0.000000,0,-8.421579,-90.403717,-60.730392,0.000000,56.969113,0.000000
297.5901047,0,0,0,0,0,0,220,0,0,0,0,0,0,99,0.000000,0,-0.000000,0,-8.421579,-90.403717,-60.730392,0.000000,56.969113,0.000000
297.6052059,0,0,0,0,0,0,220,0,0,0,0,0,0,99,0.000000,0,-0.000000,0,-8.421579,-90.403717,-60.730392,0.000000,56.969113,0.000000
297.6380829,0,0,0,0,0,0,220,0,0,0,0,0,0,99,0.000000,0,-0.000000,0,27.220098,-130.332260,-114.685669,0.000000,56.969113,0.000000
297.844927,0,0,0,0,0,0,222,0,0,0,0,0,0,109,0.000000,0,-0.000000,0,27.220098,-130.332260,-114.685669,0.000000,56.969113,0.000000
297.8609705,0,0,0,0,0,0,222,0,0,0,0,0,0,109,0.000000,0,-0.000000,0,27.220098,-130.332260,-114.685669,0.000000,56.969113,0.000000
297.893049,0,0,0,0,0,0,222,0,0,0,0,0,0,109,0.000000,0,-0.000000,0,23.735737,-171.477875,-174.004852,0.000000,56.969113,0.000000
298.1012075,0,0,0,0,0,0,222,0,0,0,0,0,0,109,0.000000,0,-0.000000,0,23.735737,-171.477875,-174.004852,0.000000,56.969113,0.000000
298.1322901,0,0,0,0,0,0,222,0,0,0,0,0,0,109,0.000000,0,-0.000000,0,-22.376341,168.123917,143.798599,0.000000,56.969113,0.000000
298.1483332,0,0,0,0,0,0,222,0,0,0,0,0,0,109,0.000000,0,-0.000000,0,-22.376341,168.123917,143.798599,0.000000,57.170771,0.000000
298.3570139,0,0,0,0,0,0,222,0,0,0,0,0,0,109,0.000000,0,-0.000000,0,-22.376341,168.123917,143.798599,0.000000,57.170771,0.000000
298.373057,0,0,0,0,0,0,222,0,0,0,0,0,0,109,0.000000,0,-0.000000,0,-62.616520,-163.813873,74.491776,0.000000,57.170771,0.000000
298.5964948,0,0,0,0,0,0,222,0,0,0,0,0,0,109,0.000000,0,-0.000000,0,-62.616520,-163.813873,74.491776,0.000000,57.170771,0.000000
298.6285805,0,0,0,0,0,0,222,0,0,0,0,0,0,109,0.000000,0,-0.000000,0,-42.752087,-96.931084,-19.311649,0.000000,57.170771,0.000000
298.6446314,0,0,0,0,0,0,222,0,0,0,0,0,0,109,0.000000,0,-0.000000,0,-42.752087,-96.931084,-19.311649,0.000000,57.473264,0.000000
298.8524786,0,0,0,0,0,0,222,0,0,0,0,0,0,109,0.000000,0,-0.000000,0,-42.752087,-96.931084,-19.311649,0.000000,57.473264,0.000000
298.8685213,0,0,0,0,0,0,222,0,0,0,0,0,0,109,0.000000,0,-0.000000,0,0.121026,-111.851021,-86.526947,0.000000,57.473264,0.000000
298.8845639,0,0,0,0,0,0,222,0,0,0,0,0,0,109,0.000000,0,-0.000000,0,0.121026,-111.851021,-86.526947,0.000000,56.742244,0.000000
299.0924269,0,0,0,0,0,0,222,0,0,0,0,0,0,109,0.000000,0,-0.000000,-48,0.121026,-111.851021,-86.526947,0.000000,56.742244,0.000000
299.3321745,0,0,0,0,0,0,222,0,0,0,0,0,0,109,0.000000,0,-0.000000,0,0.121026,-111.851021,-86.526947,0.000000,56.742244,0.000000
299.3642597,0,0,0,0,0,0,222,0,0,0,0,0,0,109,0.000000,0,-0.000000,0,-2.673695,-171.070404,155.038681,0.000000,56.742244,0.000000
299.3793009,0,0,0,0,0,0,222,0,0,0,0,0,0,109,0.000000,0,-0.000000,0,-2.673695,-171.070404,155.038681,0.000000,57.246395,0.000000
299.5553575,0,0,0,0,0,0,224,0,0,0,0,0,0,104,0.000000,0,-0.000000,0,-2.673695,-171.070404,155.038681,0.000000,57.246395,0.000000
299.5885099,0,0,0,0,0,0,224,0,0,0,0,0,0,104,0.000000,0,-0.000000,0,-2.673695,-171.070404,155.038681,0.000000,57.246395,0.000000
299.6035522,0,0,0,0,0,0,224,0,0,0,0,0,0,104,0.000000,0,-0.000000,0,-9.942875,-166.823044,133.626648,0.000000,57.246395,0.000000
299.6356371,0,0,0,0,0,0,224,0,0,0,0,0,0,104,0.000000,0,-0.000000,0,-9.942875,-166.823044,133.626648,0.000000,57.750547,0.000000
299.8598193,0,0,0,0,0,0,224,0,0,0,0,0,0,104,0.000000,0,-0.000000,0,-35.437679,-173.380096,96.199417,0.000000,57.750547,0.000000
299.8758607,0,0,0,0,0,0,224,0,0,0,0,0,0,104,0.000000,0,-0.000000,0,-35.437679,-173.380096,96.199417,0.000000,57.322016,0.000000
300.0513129,0,0,0,0,0,0,224,0,0,0,0,0,0,95,0.000000,0,-0.000000,0,-35.437679,-173.380096,96.199417,0.000000,57.322016,0.000000
300.083397,0,0,0,0,0,0,224,0,0,0,0,0,0,95,0.000000,0,-0.000000,0,-35.437679,-173.380096,96.199417,0.000000,57.322016,0.000000
300.1155202,0,0,0,0,0,0,224,0,0,0,0,0,0,95,0.000000,0,-0.000000,0,-35.437679,-173.380096,96.199417,0.000000,57.448054,0.000000
300.3068491,0,0,0,0,0,0,222,0,0,0,0,0,0,109,0.000000,0,-0.000000,0,-35.437679,-173.380096,96.199417,0.000000,57.448054,0.000000
300.3229281,0,0,0,0,0,0,222,0,0,0,0,0,0,109,0.000000,0,-0.000000,0,-35.437679,-173.380096,96.199417,0.000000,57.448054,0.000000
300.3549758,0,0,0,0,0,0,222,0,0,0,0,0,0,109,0.000000,0,-0.000000,0,-38.415855,-97.247459,-70.130981,0.000000,57.448054,0.000000
300.3710564,0,0,0,0,0,0,222,0,0,0,0,0,0,109,0.000000,0,-0.000000,0,-38.415855,-97.247459,-70.130981,0.000000,57.322016,0.000000
300.5630699,0,0,0,0,0,0,222,0,0,0,0,0,0,109,0.000000,0,-0.000000,0,-38.415855,-97.247459,-70.130981,0.000000,57.322016,0.000000
300.5951536,0,0,0,0,0,0,222,0,0,0,0,0,0,109,0.000000,0,-0.000000,0,-18.736532,-99.598045,-100.284317,0.000000,57.322016,0.000000
300.8189893,0,0,0,0,0,0,222,0,0,0,0,0,0,109,0.000000,0,-0.000000,0,-18.736532,-99.598045,-100.284317,0.000000,57.322016,0.000000
300.8350331,0,0,0,0,0,0,222,0,0,0,0,0,0,109,0.000000,0,-0.000000,0,3.975672,-119.759193,-145.900558,0.000000,57.322016,0.000000
300.8671172,0,0,0,0,0,0,222,0,0,0,0,0,0,109,0.000000,0,-0.000000,0,3.975672,-119.759193,-145.900558,0.000000,57.195978,0.000000
301.0587862,0,0,0,0,0,0,222,0,0,0,0,0,0,109,0.000000,0,-0.000000,0,3.975672,-119.759193,-145.900558,0.000000,57.195978,0.000000
301.0748273,0,0,0,0,0,0,222,0,0,0,0,0,0,109,0.000000,0,-0.000000,0,4.587337,-149.041702,166.080429,0.000000,57.195978,0.000000
301.1068928,0,0,0,0,0,0,222,0,0,0,0,0,0,109,0.000000,0,-0.000000,0,4.587337,-149.041702,166.080429,0.000000,57.372433,0.000000
301.3143256,0,0,0,0,0,0,222,0,0,0,0,0,0,109,0.000000,0,0.000000,-48,4.587337,-149.041702,166.080429,0.000000,57.372433,0.000000
301.3303714,0,0,0,0,0,0,222,0,0,0,0,0,0,109,0.000000,0,0.000000,-48,-6.752494,-156.500412,114.242821,0.000000,57.372433,0.000000
301.3624539,0,0,0,0,0,0,222,0,0,0,0,0,0,109,0.000000,0,0.000000,-48,-6.752494,-156.500412,114.242821,0.000000,57.397640,0.000000
301.5538444,0,0,0,0,0,0,222,0,0,0,0,0,0,109,0.000000,0,-0.000000,0,-6.752494,-156.500412,114.242821,0.000000,57.397640,0.000000
301.5859672,0,0,0,0,0,0,222,0,0,0,0,0,0,109,0.000000,0,-0.000000,0,-29.422661,-166.318344,69.246872,0.000000,57.397640,0.000000
301.6019968,0,0,0,0,0,0,222,0,0,0,0,0,0,109,0.000000,0,-0.000000,0,-29.422661,-166.318344,69.246872,0.000000,57.221189,0.000000
302.289705,0,0,0,0,0,0,222,0,0,0,0,0,0,109,0.000000,0,-0.000000,0,-29.422661,-166.318344,69.246872,0.000000,57.195978,0.000000
302.4814748,0,0,0,0,0,0,222,0,0,0,0,0,0,108,0.000000,0,-0.000000,0,-29.422661,-166.318344,69.246872,0.000000,57.195978,0.000000
302.4974708,0,0,0,0,0,0,222,0,0,0,0,0,0,108,0.000000,0,-0.000000,0,-29.422661,-166.318344,69.246872,0.000000,57.195978,0.000000
302.545637,0,0,0,0,0,0,222,0,0,0,0,0,0,108,0.000000,0,-0.000000,0,-29.422661,-166.318344,69.246872,0.000000,57.271602,0.000000
302.7369841,0,0,0,0,0,0,222,0,0,0,0,0,0,108,0.000000,0,-0.000000,0,-29.422661,-166.318344,69.246872,0.000000,57.271602,0.000000
302.7690686,0,0,0,0,0,0,222,0,0,0,0,0,0,108,0.000000,0,-0.000000,0,43.322830,-130.160995,-140.564514,0.000000,57.271602,0.000000
302.8011539,0,0,0,0,0,0,222,0,0,0,0,0,0,108,0.000000,0,-0.000000,0,43.322830,-130.160995,-140.564514,0.000000,56.338924,0.000000
302.977214,0,0,0,0,0,0,223,0,0,0,0,0,0,103,0.000000,0,-0.000000,0,43.322830,-130.160995,-140.564514,0.000000,56.338924,0.000000
302.9932579,0,0,0,0,0,0,223,0,0,0,0,0,0,103,0.000000,0,-0.000000,0,43.322830,-130.160995,-140.564514,0.000000,56.338924,0.000000
303.0093005,0,0,0,0,0,0,223,0,0,0,0,0,0,103,0.000000,0,-0.000000,0,26.199989,179.615143,154.601547,0.000000,56.338924,0.000000
303.0413846,0,0,0,0,0,0,223,0,0,0,0,0,0,103,0.000000,0,-0.000000,0,26.199989,179.615143,154.601547,0.000000,57.246395,0.000000
303.2167198,0,0,0,0,0,0,224,0,0,0,0,0,0,103,0.000000,0,-0.000000,0,26.199989,179.615143,154.601547,0.000000,57.246395,0.000000
303.2327585,0,0,0,0,0,0,224,0,0,0,0,0,0,103,0.000000,0,-0.000000,0,26.199989,179.615143,154.601547,0.000000,57.246395,0.000000
303.2648067,0,0,0,0,0,0,224,0,0,0,0,0,0,103,0.000000,0,-0.000000,0,-19.461466,150.554932,127.983330,0.000000,57.246395,0.000000
303.2808481,0,0,0,0,0,0,224,0,0,0,0,0,0,103,0.000000,0,-0.000000,0,-19.461466,150.554932,127.983330,0.000000,57.120358,0.000000
303.4597642,0,0,0,0,0,0,223,0,0,0,0,0,0,112,0.000000,0,-0.000000,0,-19.461466,150.554932,127.983330,0.000000,57.120358,0.000000
303.4728403,0,0,0,0,0,0,223,0,0,0,0,0,0,112,0.000000,0,-0.000000,0,-19.461466,150.554932,127.983330,0.000000,57.120358,0.000000
303.5053025,0,0,0,0,0,0,223,0,0,0,0,0,0,112,0.000000,0,-0.000000,0,-71.141685,128.000565,121.829926,0.000000,57.120358,0.000000
303.5364056,0,0,0,0,0,0,223,0,0,0,0,0,0,112,0.000000,0,-0.000000,0,-71.141685,128.000565,121.829926,0.000000,57.271602,0.000000
303.7131773,0,0,0,0,0,0,223,0,0,0,0,0,0,113,0.000000,0,-0.000000,0,-71.141685,128.000565,121.829926,0.000000,57.271602,0.000000
303.7292176,0,0,0,0,0,0,223,0,0,0,0,0,0,113,0.000000,0,-0.000000,0,-71.141685,128.000565,121.829926,0.000000,57.271602,0.000000
303.7603038,0,0,0,0,0,0,223,0,0,0,0,0,0,113,0.000000,0,-0.000000,0,-56.548813,-66.690094,-56.528397,0.000000,57.271602,0.000000
303.7763428,0,0,0,0,0,0,223,0,0,0,0,0,0,113,0.000000,0,-0.000000,0,-56.548813,-66.690094,-56.528397,0.000000,57.271602,0.000000
303.9525962,0,0,0,0,0,0,223,0,0,0,0,0,0,105,0.000000,0,-0.000000,0,-56.548813,-66.690094,-56.528397,0.000000,57.271602,0.000000
303.9686392,0,0,0,0,0,0,223,0,0,0,0,0,0,105,0.000000,0,-0.000000,0,-56.548813,-66.690094,-56.528397,0.000000,57.271602,0.000000
304.0016245,0,0,0,0,0,0,223,0,0,0,0,0,0,105,0.000000,0,-0.000000,0,0.301727,-73.615334,-83.234306,0.000000,57.271602,0.000000
304.0327422,0,0,0,0,0,0,223,0,0,0,0,0,0,105,0.000000,0,-0.000000,0,0.301727,-73.615334,-83.234306,0.000000,57.170771,0.000000
304.4647155,0,0,0,0,0,0,223,0,0,0,0,0,0,105,0.000000,0,-0.000000,0,0.301727,-73.615334,-83.234306,0.000000,57.170771,0.000000
305.0084796,0,0,0,0,0,0,223,0,0,0,0,0,0,105,0.000000,0,0,1410000,0.301727,-73.615334,-83.234306,0.000000,57.170771,0.000000
305.2473137,0,0,0,0,0,0,223,0,0,0,0,0,0,105,0.000000,0,0,1410000,0.301727,-73.615334,-83.234306,0.000000,56.994320,0.000000
305.4555268,0,0,0,0,0,0,223,0,0,0,0,0,0,105,0.000000,0,-0.000000,0,0.301727,-73.615334,-83.234306,0.000000,56.994320,0.000000
305.695272,0,0,0,0,0,0,223,0,0,0,0,0,0,105,0.000000,0,-0.000000,0,0.301727,-73.615334,-83.234306,0.000000,56.994320,0.000000
305.7434422,0,0,0,0,0,0,223,0,0,0,0,0,0,105,0.000000,0,-0.000000,0,0.301727,-73.615334,-83.234306,0.000000,57.145564,0.000000
305.9196939,0,0,0,0,0,0,220,0,0,0,0,0,0,104,0.000000,0,-0.000000,0,0.301727,-73.615334,-83.234306,0.000000,57.145564,0.000000
305.9357366,0,0,0,0,0,0,220,0,0,0,0,0,0,104,0.000000,0,-0.000000,0,0.301727,-73.615334,-83.234306,0.000000,57.145564,0.000000
305.9668192,0,0,0,0,0,0,220,0,0,0,0,0,0,104,0.000000,0,-0.000000,0,37.765247,171.250031,-179.476181,0.000000,57.145564,0.000000
306.1748481,0,0,0,0,0,0,220,0,0,0,0,0,0,107,0.000000,0,-0.000000,0,37.765247,171.250031,-179.476181,0.000000,57.145564,0.000000
306.1909283,0,0,0,0,0,0,220,0,0,0,0,0,0,107,0.000000,0,-0.000000,0,37.765247,171.250031,-179.476181,0.000000,57.145564,0.000000
306.2069713,0,0,0,0,0,0,220,0,0,0,0,0,0,107,0.000000,0,-0.000000,0,-13.553257,151.156189,152.658524,0.000000,57.145564,0.000000
306.2390187,0,0,0,0,0,0,220,0,0,0,0,0,0,107,0.000000,0,-0.000000,0,-13.553257,151.156189,152.658524,0.000000,56.969113,0.000000
306.4149236,0,0,0,0,0,0,0,103,32,48,46,48,48,48,0.000000,0,-0.000000,0,-13.553257,151.156189,152.658524,0.000000,56.969113,0.000000
306.4310041,0,0,0,0,0,0,0,103,32,48,46,48,48,48,0.000000,0,0.000000,-48,-13.553257,151.156189,152.658524,0.000000,56.969113,0.000000
306.4630515,0,0,0,0,0,0,0,103,32,48,46,48,48,48,0.000000,0,0.000000,-48,-73.474289,149.767288,119.642357,0.000000,56.969113,0.000000
306.6868761,0,0,0,0,0,0,0,103,32,48,46,48,48,48,0.000000,0,0,0,-73.474289,149.767288,119.642357,0.000000,56.969113,0.000000
306.7350025,0,0,0,0,0,0,0,103,32,48,46,48,48,48,0.000000,0,0,0,-73.474289,149.767288,119.642357,0.000000,57.095151,0.000000
306.9110425,0,0,0,0,0,0,223,0,0,0,0,0,0,113,0.000000,0,0,0,-73.474289,149.767288,119.642357,0.000000,57.095151,0.000000
306.9270851,0,0,0,0,0,0,223,0,0,0,0,0,0,113,0.000000,0,-0.000000,0,-73.474289,149.767288,119.642357,0.000000,57.095151,0.000000
306.9742483,0,0,0,0,0,0,223,0,0,0,0,0,0,113,0.000000,0,-0.000000,0,-73.474289,149.767288,119.642357,0.000000,57.322016,0.000000
307.6146305,0,0,0,0,0,0,224,0,0,0,0,0,0,112,0.000000,0,-0.000000,0,-73.474289,149.767288,119.642357,0.000000,57.322016,0.000000
307.630668,0,0,0,0,0,0,224,0,0,0,0,0,0,112,0.000000,0,-0.000000,0,-73.474289,149.767288,119.642357,0.000000,57.322016,0.000000
307.6617945,0,0,0,0,0,0,224,0,0,0,0,0,0,112,0.000000,0,-0.000000,0,75.221954,-136.737610,-144.751083,0.000000,57.322016,0.000000
307.6778371,0,0,0,0,0,0,224,0,0,0,0,0,0,112,0.000000,0,-0.000000,0,75.221954,-136.737610,-144.751083,0.000000,56.792658,0.000000
307.8705949,0,0,0,0,0,0,224,0,0,0,0,0,0,112,0.000000,0,-0.000000,0,75.221954,-136.737610,-144.751083,0.000000,56.792658,0.000000
307.9016776,0,0,0,0,0,0,224,0,0,0,0,0,0,112,0.000000,0,-0.000000,0,23.692360,129.143555,140.537720,0.000000,56.792658,0.000000
308.1254038,0,0,0,0,0,0,224,0,0,0,0,0,0,112,0.000000,0,-0.000000,0,23.692360,129.143555,140.537720,0.000000,56.792658,0.000000
308.3652723,0,0,0,0,0,0,224,0,0,0,0,0,0,112,0.000000,0,-0.000000,0,23.692360,129.143555,140.537720,0.000000,56.792658,0.000000
308.6212225,0,0,0,0,0,0,224,0,0,0,0,0,0,112,0.000000,0,-0.000000,0,23.692360,129.143555,140.537720,0.000000,56.792658,0.000000
308.6372651,0,0,0,0,0,0,224,0,0,0,0,0,0,112,0.000000,0,-0.000000,0,-69.492882,39.421734,-148.240707,0.000000,56.792658,0.000000
308.6693504,0,0,0,0,0,0,224,0,0,0,0,0,0,112,0.000000,0,-0.000000,0,-69.492882,39.421734,-148.240707,0.000000,57.095151,
308.845236,0,0,0,0,0,0,222,0,0,0,0,0,0,113,0.000000,0,-0.000000,0,-69.492882,39.421734,-148.240707,0.000000,57.095151,
308.8612786,0,0,0,0,0,0,222,0,0,0,0,0,0,113,0.000000,0,-0.000000,0,-69.492882,39.421734,-148.240707,0.000000,57.095151,
308.8773608,0,0,0,0,0,0,222,0,0,0,0,0,0,113,0.000000,0,-0.000000,0,-22.438341,-45.937222,-79.353561,0.000000,57.095151,
308.9094219,0,0,0,0,0,0,222,0,0,0,0,0,0,113,0.000000,0,-0.000000,0,-22.438341,-45.937222,-79.353561,0.000000,57.372433,0.000000
309.0857539,0,0,0,0,0,0,224,0,0,0,0,0,0,107,0.000000,0,-0.000000,0,-22.438341,-45.937222,-79.353561,0.000000,57.372433,0.000000
309.1017969,0,0,0,0,0,0,224,0,0,0,0,0,0,107,0.000000,0,0.000000,-48,-22.438341,-45.937222,-79.353561,0.000000,57.372433,0.000000
309.1328811,0,0,0,0,0,0,224,0,0,0,0,0,0,107,0.000000,0,0.000000,-48,28.054558,-52.799324,-76.951981,0.000000,57.372433,0.000000
309.3255584,0,0,0,0,0,0,223,0,0,0,0,0,0,103,0.000000,0,0.000000,-48,28.054558,-52.799324,-76.951981,0.000000,57.372433,0.000000
309.3573031,0,0,0,0,0,0,223,0,0,0,0,0,0,103,0.000000,0,-0.000000,0,28.054558,-52.799324,-76.951981,0.000000,57.372433,0.000000
309.373309,0,0,0,0,0,0,223,0,0,0,0,0,0,103,0.000000,0,-0.000000,0,71.706573,-127.286591,-132.713211,0.000000,57.372433,0.000000
309.4053931,0,0,0,0,0,0,223,0,0,0,0,0,0,103,0.000000,0,-0.000000,0,71.706573,-127.286591,-132.713211,0.000000,57.145564,0.000000
309.5969495,0,0,0,0,0,0,223,0,0,0,0,0,0,103,0.000000,0,-0.000000,0,71.706573,-127.286591,-132.713211,0.000000,57.145564,0.000000
309.6290392,0,0,0,0,0,0,223,0,0,0,0,0,0,103,0.000000,0,-0.000000,0,26.977238,138.867340,155.469208,0.000000,57.145564,0.000000
309.6450411,0,0,0,0,0,0,223,0,0,0,0,0,0,103,0.000000,0,-0.000000,0,26.977238,138.867340,155.469208,0.000000,57.145564,0.000000
309.8205711,0,0,0,0,0,0,223,0,0,0,0,0,0,110,0.000000,0,-0.000000,0,26.977238,138.867340,155.469208,0.000000,57.145564,0.000000
309.8526931,0,0,0,0,0,0,223,0,0,0,0,0,0,110,0.000000,0,-0.000000,0,26.977238,138.867340,155.469208,0.000000,57.145564,0.000000
309.868735,0,0,0,0,0,0,223,0,0,0,0,0,0,110,0.000000,0,-0.000000,0,-26.546879,125.394272,146.608765,0.000000,57.145564,0.000000
310.0923597,0,0,0,0,0,0,223,0,0,0,0,0,0,110,0.000000,0,-0.000000,0,-26.546879,125.394272,146.608765,0.000000,57.145564,0.000000
310.1084391,0,0,0,0,0,0,223,0,0,0,0,0,0,110,0.000000,0,-0.000000,0,-78.350380,91.906906,175.485397,0.000000,57.145564,0.000000
310.140524,0,0,0,0,0,0,223,0,0,0,0,0,0,110,0.000000,0,-0.000000,0,-78.350380,91.906906,175.485397,0.000000,57.120358,0.000000
310.3325024,0,0,0,0,0,0,223,0,0,0,0,0,0,110,0.000000,0,-0.000000,0,-78.350380,91.906906,175.485397,0.000000,57.120358,0.000000
310.3645865,0,0,0,0,0,0,223,0,0,0,0,0,0,110,0.000000,0,-0.000000,0,-29.099880,-57.017559,-65.642433,0.000000,57.120358,0.000000
310.5882483,0,0,0,0,0,0,223,0,0,0,0,0,0,110,0.000000,0,-0.000000,0,-29.099880,-57.017559,-65.642433,0.000000,57.120358,0.000000
310.6042511,0,0,0,0,0,0,223,0,0,0,0,0,0,110,0.000000,0,-0.000000,0,22.823402,-69.192154,-71.283836,0.000000,57.120358,0.000000
310.6363371,0,0,0,0,0,0,223,0,0,0,0,0,0,110,0.000000,0,-0.000000,0,22.823402,-69.192154,-71.283836,0.000000,57.322016,0.000000
310.8279216,0,0,0,0,0,0,223,0,0,0,0,0,0,110,0.000000,0,-0.000000,0,22.823402,-69.192154,-71.283836,0.000000,57.322016,0.000000
310.8760499,0,0,0,0,0,0,223,0,0,0,0,0,0,110,0.000000,0,-0.000000,0,22.823402,-69.192154,-71.283836,0.000000,56.868282,0.000000
311.1003763,0,0,0,0,0,0,223,0,0,0,0,0,0,110,0.000000,0,-0.000000,0,18.142977,139.713760,155.660156,0.000000,56.868282,0.000000
311.1164509,0,0,0,0,0,0,223,0,0,0,0,0,0,110,0.000000,0,-0.000000,0,18.142977,139.713760,155.660156,0.000000,57.347226,0.000000
311.3076412,222,0,0,0,0,0,0,108,32,48,46,48,48,48,0.000000,0,-0.000000,0,18.142977,139.713760,155.660156,0.000000,57.347226,0.000000
311.3236826,222,0,0,0,0,0,0,108,32,48,46,48,48,48,0.000000,0,0.000000,-48,18.142977,139.713760,155.660156,0.000000,57.347226,0.000000
311.3557683,222,0,0,0,0,0,0,108,32,48,46,48,48,48,0.000000,0,0.000000,-48,-30.468222,135.544678,142.217361,0.000000,57.347226,0.000000
311.3717734,222,0,0,0,0,0,0,108,32,48,46,48,48,48,0.000000,0,0.000000,-48,-30.468222,135.544678,142.217361,0.000000,57.422847,0.000000
311.5632892,222,0,0,0,0,0,0,108,32,48,46,48,48,48,0.000000,0,-0.000000,0,-30.468222,135.544678,142.217361,0.000000,57.422847,0.000000
311.5953732,222,0,0,0,0,0,0,108,32,48,46,48,48,48,0.000000,0,-0.000000,0,-87.050972,63.522278,-158.744629,0.000000,57.422847,0.000000
311.78726,0,0,0,0,0,0,220,0,0,0,0,0,0,113,0.000000,0,-0.000000,0,-87.050972,63.522278,-158.744629,0.000000,57.422847,0.000000
311.8193456,0,0,0,0,0,0,220,0,0,0,0,0,0,113,0.000000,0,-0.000000,0,-87.050972,63.522278,-158.744629,0.000000,57.422847,0.000000
311.8353879,0,0,0,0,0,0,220,0,0,0,0,0,0,113,0.000000,0,-0.000000,0,-20.854599,-64.881409,-67.798126,0.000000,57.422847,0.000000
311.8674736,0,0,0,0,0,0,220,0,0,0,0,0,0,113,0.000000,0,-0.000000,0,-20.854599,-64.881409,-67.798126,0.000000,57.422847,0.000000
312.0431726,0,0,0,0,0,0,222,0,0,0,0,0,0,117,0.000000,0,-0.000000,0,-20.854599,-64.881409,-67.798126,0.000000,57.422847,0.000000
312.0592603,0,0,0,0,0,0,222,0,0,0,0,0,0,117,0.000000,0,-0.000000,0,-20.854599,-64.881409,-67.798126,0.000000,57.422847,0.000000
312.0752583,0,0,0,0,0,0,222,0,0,0,0,0,0,117,0.000000,0,-0.000000,0,26.329185,-71.017296,-74.477257,0.000000,57.422847,0.000000
312.7469914,0,0,0,0,0,0,222,0,0,0,0,0,0,117,0.000000,0,-0.000000,0,26.329185,-71.017296,-74.477257,0.000000,57.422847,0.000000
312.7630344,0,0,0,0,0,0,222,0,0,0,0,0,0,117,0.000000,0,-0.000000,0,-41.092148,123.201195,168.153946,0.000000,57.422847,0.000000
312.7951181,0,0,0,0,0,0,222,0,0,0,0,0,0,117,0.000000,0,-0.000000,0,-41.092148,123.201195,168.153946,0.000000,56.918696,0.000000
312.9715327,0,0,0,0,0,0,223,0,0,0,0,0,0,98,0.000000,0,-0.000000,0,-41.092148,123.201195,168.153946,0.000000,56.918696,0.000000
313.0034042,0,0,0,0,0,0,223,0,0,0,0,0,0,98,0.000000,-48,0.000000,-16,-41.092148,123.201195,168.153946,0.000000,56.918696,0.000000
313.0346622,0,0,0,0,0,0,223,0,0,0,0,0,0,98,0.000000,-48,0.000000,-16,-41.092148,123.201195,168.153946,0.000000,57.448054,0.000000
313.2279162,0,0,0,0,0,0,223,0,0,0,0,0,0,108,0.000000,-48,0.000000,-16,-41.092148,123.201195,168.153946,0.000000,57.448054,0.000000
313.2419547,0,0,0,0,0,0,223,0,0,0,0,0,0,108,0.000000,0,-0.000000,0,-41.092148,123.201195,168.153946,0.000000,57.448054,0.000000
313.2905536,0,0,0,0,0,0,223,0,0,0,0,0,0,108,0.000000,0,-0.000000,0,-41.092148,123.201195,168.153946,0.000000,57.322016,0.000000
313.4673403,0,0,0,0,0,0,222,0,0,0,0,0,0,113,0.000000,0,-0.000000,0,-41.092148,123.201195,168.153946,0.000000,57.322016,0.000000
313.482381,0,0,0,0,0,0,222,0,0,0,0,0,0,113,0.000000,0,-0.000000,0,-41.092148,123.201195,168.153946,0.000000,57.322016,0.000000
313.5151442,0,0,0,0,0,0,222,0,0,0,0,0,0,113,0.000000,0,-0.000000,0,63.524197,-82.963219,-73.513252,0.000000,57.322016,0.000000
313.7068196,0,0,0,0,0,0,222,0,0,0,0,0,0,113,0.000000,0,-0.000000,0,63.524197,-82.963219,-73.513252,0.000000,57.322016,0.000000
313.7389823,0,0,0,0,0,0,222,0,0,0,0,0,0,113,0.000000,0,-0.000000,0,63.524197,-82.963219,-73.513252,0.000000,57.322016,0.000000
313.7541207,0,0,0,0,0,0,222,0,0,0,0,0,0,113,0.000000,0,-0.000000,0,52.659573,152.445938,164.918182,0.000000,57.322016,0.000000
313.7697738,0,0,0,0,0,0,222,0,0,0,0,0,0,113,0.000000,0,-0.000000,0,52.659573,152.445938,164.918182,0.000000,57.145564,0.000000
313.9621172,0,0,0,0,0,0,222,0,0,0,0,0,0,103,0.000000,0,-0.000000,0,52.659573,152.445938,164.918182,0.000000,57.145564,0.000000
314.0098959,0,0,0,0,0,0,222,0,0,0,0,0,0,103,0.000000,0,-0.000000,0,-11.163919,127.406914,158.160660,0.000000,57.145564,0.000000
314.0259389,0,0,0,0,0,0,222,0,0,0,0,0,0,103,0.000000,0,-0.000000,0,-11.163919,127.406914,158.160660,0.000000,57.347226,0.000000
319.4143938,0,0,0,0,0,0,222,0,0,0,0,0,0,103,0.000000,0,-0.000000,0,0,57.322016,0.000000,0.000000,57.347226,0.000000
319.5908478,0,0,0,0,0,0,224,0,0,0,0,0,0,107,0.000000,0,-0.000000,0,0,57.322016,0.000000,0.000000,57.347226,0.000000
319.605778,0,0,0,0,0,0,224,0,0,0,0,0,0,107,0.000000,0,-0.000000,0,0,57.322016,0.000000,0.000000,57.347226,0.000000
319.6228276,0,0,0,0,0,0,224,0,0,0,0,0,0,107,0.000000,0,-0.000000,0,10.585790,-49.318020,-68.396011,0.000000,57.347226,0.000000
319.6544353,0,0,0,0,0,0,224,0,0,0,0,0,0,107,0.000000,0,-0.000000,0,10.585790,-49.318020,-68.396011,0.000000,57.145564,0.000000
319.8302343,0,0,0,0,0,0,223,0,0,0,0,0,0,102,0.000000,0,-0.000000,0,10.585790,-49.318020,-68.396011,0.000000,57.145564,0.000000
319.8462825,0,0,0,0,0,0,223,0,0,0,0,0,0,102,0.000000,0,-0.000000,0,10.585790,-49.318020,-68.396011,0.000000,57.145564,0.000000
319.8788359,0,0,0,0,0,0,223,0,0,0,0,0,0,102,0.000000,0,-0.000000,0,65.543076,-73.969337,-84.285805,0.000000,57.145564,0.000000
319.8938952,0,0,0,0,0,0,223,0,0,0,0,0,0,102,0.000000,0,-0.000000,0,65.543076,-73.969337,-84.285805,0.000000,57.271602,0.000000
320.0701087,0,0,0,0,0,0,223,0,0,0,0,0,0,110,0.000000,0,-0.000000,0,65.543076,-73.969337,-84.285805,0.000000,57.271602,0.000000
320.0861399,0,0,0,0,0,0,223,0,0,0,0,0,0,110,0.000000,0,-0.000000,0,65.543076,-73.969337,-84.285805,0.000000,57.271602,0.000000
320.1179826,0,0,0,0,0,0,223,0,0,0,0,0,0,110,0.000000,0,-0.000000,0,47.265457,133.873306,143.001129,0.000000,57.271602,0.000000
320.134028,0,0,0,0,0,0,223,0,0,0,0,0,0,110,0.000000,0,-0.000000,0,47.265457,133.873306,143.001129,0.000000,57.095151,0.000000
320.3410941,0,0,0,0,0,0,223,0,0,0,0,0,0,110,0.000000,0,-0.000000,0,47.265457,133.873306,143.001129,0.000000,57.095151,0.000000
320.3579889,0,0,0,0,0,0,223,0,0,0,0,0,0,110,0.000000,0,-0.000000,0,-8.080258,122.373512,142.639557,0.000000,57.095151,0.000000
320.5681954,0,0,0,0,0,0,222,0,0,0,0,0,0,112,0.000000,0,-0.000000,0,-8.080258,122.373512,142.639557,0.000000,57.095151,0.000000
320.5812309,0,0,0,0,0,0,222,0,0,0,0,0,0,112,0.000000,0,-0.000000,0,-8.080258,122.373512,142.639557,0.000000,57.095151,0.000000
320.6134896,0,0,0,0,0,0,222,0,0,0,0,0,0,112,0.000000,0,-0.000000,0,-62.115349,83.718399,176.780991,0.000000,57.095151,0.000000
320.6295334,0,0,0,0,0,0,222,0,0,0,0,0,0,112,0.000000,0,-0.000000,0,-62.115349,83.718399,176.780991,0.000000,57.322016,0.000000
320.8227499,0,0,0,0,0,0,222,0,0,0,0,0,0,109,0.000000,0,-0.000000,0,-62.115349,83.718399,176.780991,0.000000,57.322016,0.000000
320.8227499,0,0,0,0,0,0,222,0,0,0,0,0,0,109,0.000000,0,-0.000000,0,-62.115349,83.718399,176.780991,0.000000,57.322016,0.000000
320.8545981,0,0,0,0,0,0,222,0,0,0,0,0,0,109,0.000000,0,-0.000000,0,-38.897404,-37.363007,-78.136383,0.000000,57.322016,0.000000
321.0771388,0,0,0,0,0,0,222,0,0,0,0,0,0,109,0.000000,0,-0.000000,0,-38.897404,-37.363007,-78.136383,0.000000,57.322016,0.000000
321.1094481,0,0,0,0,0,0,222,0,0,0,0,0,0,109,0.000000,0,-0.000000,0,9.964571,-46.030003,-68.161469,0.000000,57.322016,0.000000
324.7383901,0,0,0,0,0,0,222,0,0,0,0,0,0,109,0.000000,0,-0.000000,0,9.964571,-46.030003,-68.161469,0.000000,57.322016,0.000000
324.7544335,0,0,0,0,0,0,222,0,0,0,0,0,0,109,0.000000,0,-0.000000,0,-1.573197,-39.147533,-89.844612,0.000000,57.322016,0.000000
324.770475,0,0,0,0,0,0,222,0,0,0,0,0,0,109,0.000000,0,-0.000000,0,-1.573197,-39.147533,-89.844612,0.000000,57.548885,0.000000
324.9626363,0,0,0,0,0,0,224,0,0,0,0,0,0,105,0.000000,0,-0.000000,0,-1.573197,-39.147533,-89.844612,0.000000,57.548885,0.000000
325.0268053,0,0,0,0,0,0,224,0,0,0,0,0,0,105,0.000000,0,-0.000000,0,-1.573197,-39.147533,-89.844612,0.000000,57.296809,0.000000
325.2021666,0,0,0,0,0,0,224,0,0,0,0,0,0,104,0.000000,0,-0.000000,0,-1.573197,-39.147533,-89.844612,0.000000,57.296809,0.000000
325.2182463,0,0,0,0,0,0,224,0,0,0,0,0,0,104,0.000000,0,-0.000000,0,-1.573197,-39.147533,-89.844612,0.000000,57.296809,0.000000
325.2502945,0,0,0,0,0,0,224,0,0,0,0,0,0,104,0.000000,0,-0.000000,0,77.169319,160.338684,143.547318,0.000000,57.296809,0.000000
325.2663391,0,0,0,0,0,0,224,0,0,0,0,0,0,104,0.000000,0,-0.000000,0,77.169319,160.338684,143.547318,0.000000,57.347226,0.000000
325.5220179,0,0,0,0,0,0,224,0,0,0,0,0,0,104,0.000000,0,-0.000000,0,77.169319,160.338684,143.547318,0.000000,57.296809,0.000000
325.7143036,0,0,0,0,0,0,224,0,0,0,0,0,0,104,0.000000,0,-0.000000,0,77.169319,160.338684,143.547318,0.000000,57.296809,0.000000
325.7463506,0,0,0,0,0,0,224,0,0,0,0,0,0,104,0.000000,0,-0.000000,0,-2.744989,124.618164,136.512970,0.000000,57.296809,0.000000
325.9373919,0,0,0,0,0,0,220,0,0,0,0,0,0,108,0.000000,0,-0.000000,0,-2.744989,124.618164,136.512970,0.000000,57.296809,0.000000
326.0015612,0,0,0,0,0,0,220,0,0,0,0,0,0,108,0.000000,0,-0.000000,0,-2.744989,124.618164,136.512970,0.000000,57.422847,0.000000
326.1936297,0,0,0,0,0,0,223,0,0,0,0,0,0,117,0.000000,0,-0.000000,0,-2.744989,124.618164,136.512970,0.000000,57.422847,0.000000
326.2417588,0,0,0,0,0,0,223,0,0,0,0,0,0,117,0.000000,0,-0.000000,0,-57.585075,119.074562,147.960983,0.000000,57.422847,0.000000
326.2578018,0,0,0,0,0,0,223,0,0,0,0,0,0,117,0.000000,0,-0.000000,0,-57.585075,119.074562,147.960983,0.000000,57.296809,0.000000
326.4329593,0,0,0,0,0,0,222,0,0,0,0,0,0,112,0.000000,0,-0.000000,0,-57.585075,119.074562,147.960983,0.000000,57.296809,0.000000
326.4489988,0,0,0,0,0,0,222,0,0,0,0,0,0,112,0.000000,0,-0.000000,0,-57.585075,119.074562,147.960983,0.000000,57.296809,0.000000
326.4810821,0,0,0,0,0,0,222,0,0,0,0,0,0,112,0.000000,0,-0.000000,0,-85.017517,91.485321,171.194138,0.000000,57.296809,0.000000
326.497088,0,0,0,0,0,0,222,0,0,0,0,0,0,112,0.000000,0,-0.000000,0,-85.017517,91.485321,171.194138,0.000000,57.296809,0.000000
326.6736345,0,0,0,0,0,0,222,0,0,0,0,0,0,112,0.000000,0,-0.000000,0,-85.017517,91.485321,171.194138,0.000000,57.296809,0.000000
326.6896743,0,0,0,0,0,0,222,0,0,0,0,0,0,112,0.000000,0,-0.000000,0,-85.017517,91.485321,171.194138,0.000000,57.296809,0.000000
326.7207937,0,0,0,0,0,0,222,0,0,0,0,0,0,112,0.000000,0,-0.000000,0,-35.921757,-51.943176,-58.588432,0.000000,57.296809,0.000000
330.8467925,0,0,0,0,0,0,222,0,0,0,0,0,0,112,0.000000,0,-0.000000,0,-35.921757,-51.943176,-58.588432,0.000000,57.296809,0.000000
331.0702485,0,0,0,0,0,0,223,0,0,0,0,0,0,105,0.000000,0,-0.000000,0,-35.921757,-51.943176,-58.588432,0.000000,57.296809,0.000000
331.0862888,0,0,0,0,0,0,223,0,0,0,0,0,0,105,0.000000,0,-0.000000,0,-35.921757,-51.943176,-58.588432,0.000000,57.296809,0.000000
331.1183745,0,0,0,0,0,0,223,0,0,0,0,0,0,105,0.000000,0,-0.000000,0,-49.617767,-174.592621,112.301872,0.000000,57.296809,0.000000
331.1344175,0,0,0,0,0,0,223,0,0,0,0,0,0,105,0.000000,0,-0.000000,0,-49.617767,-174.592621,112.301872,0.000000,57.725340,0.000000
331.3417689,0,0,0,0,0,0,223,0,0,0,0,0,0,105,0.000000,0,-0.000000,0,-49.617767,-174.592621,112.301872,0.000000,57.725340,0.000000
331.3578116,0,0,0,0,0,0,223,0,0,0,0,0,0,105,0.000000,0,-0.000000,0,-51.998962,-102.431725,7.022552,0.000000,57.725340,0.000000
331.3898593,0,0,0,0,0,0,223,0,0,0,0,0,0,105,0.000000,0,-0.000000,0,-51.998962,-102.431725,7.022552,0.002645,57.296809,0.000000
331.5676593,0,0,0,0,0,0,222,0,0,0,0,0,0,109,0.000000,0,-0.000000,0,-51.998962,-102.431725,7.022552,0.002645,57.296809,0.000000
331.6141252,0,0,0,0,0,0,222,0,0,0,0,0,0,109,0,-0.000000,837846,-98.882704913,-51.998962,-102.431725,7.022552,0.002645,57.296809,0.000000
331.630186,0,0,0,0,0,0,222,0,0,0,0,0,0,109,0,-0.000000,837846,-98.882704913,-51.998962,-102.431725,7.022552,0.000000,56.893489,0.000000
332.0776378,0,0,0,0,0,0,222,0,0,0,0,0,0,109,0.000000,0,-0.000000,0,-51.998962,-102.431725,7.022552,0.000000,56.893489,0.000000
343.4934755,0,0,0,0,0,0,222,0,0,0,0,0,0,99,0.000000,0,-0.000000,0,-51.998962,-102.431725,7.022552,0.000000,56.893489,0.000000
343.5095182,0,0,0,0,0,0,222,0,0,0,0,0,0,99,0.000000,0,-0.000000,0,-51.998962,-102.431725,7.022552,0.000000,56.893489,0.000000
343.541643,0,0,0,0,0,0,222,0,0,0,0,0,0,99,0.000000,0,-0.000000,0,15.692968,169.414307,-117.063660,0.000000,56.893489,0.000000
343.5576848,0,0,0,0,0,0,222,0,0,0,0,0,0,99,0.000000,0,-0.000000,0,15.692968,169.414307,-117.063660,0.000000,55.078545,0.000000
344.7248936,0,0,0,0,0,0,224,0,0,0,0,0,0,105,0.000000,0,-0.000000,0,15.692968,169.414307,-117.063660,0.000000,55.078545,0.000000
344.7730599,0,0,0,0,0,0,224,0,0,0,0,0,0,105,0.000000,0,-0.000000,0,44.979034,-90.764107,-3.552343,0.000000,55.078545,0.000000
344.7890658,0,0,0,0,0,0,224,0,0,0,0,0,0,105,0.000000,0,-0.000000,0,44.979034,-90.764107,-3.552343,0.000000,57.498471,0.000000
348.8824962,0,0,0,0,0,0,222,0,0,0,0,0,0,109,0.000000,0,-0.000000,0,44.979034,-90.764107,-3.552343,0.000000,57.498471,0.000000
348.8985787,0,0,0,0,0,0,222,0,0,0,0,0,0,109,0.000000,0,-0.000000,0,44.979034,-90.764107,-3.552343,0.000000,57.498471,0.000000
349.3620948,0,0,0,0,0,0,223,0,0,0,0,0,0,100,0.000000,0,-0.000000,0,44.979034,-90.764107,-3.552343,0.000000,57.498471,0.000000
349.3787202,0,0,0,0,0,0,223,0,0,0,0,0,0,100,0.000000,0,-0.000000,0,44.979034,-90.764107,-3.552343,0.000000,57.498471,0.000000
349.4102255,0,0,0,0,0,0,223,0,0,0,0,0,0,100,0.000000,0,-0.000000,0,-74.088074,137.874420,-142.771133,0.000000,57.498471,0.000000
349.4262701,0,0,0,0,0,0,223,0,0,0,0,0,0,100,0.000000,0,-0.000000,0,-74.088074,137.874420,-142.771133,0.000000,57.372433,0.000000
349.6175875,0,0,0,0,0,0,223,0,0,0,0,0,0,104,0.000000,0,-0.000000,0,-74.088074,137.874420,-142.771133,0.000000,57.372433,0.000000
349.6657166,0,0,0,0,0,0,223,0,0,0,0,0,0,104,0.000000,0,-0.000000,0,-61.435295,-74.647095,71.113083,0.000000,57.372433,0.000000
349.6817585,0,0,0,0,0,0,223,0,0,0,0,0,0,104,0.000000,0,-0.000000,0,-61.435295,-74.647095,71.113083,0.000000,57.246395,0.000000
349.858096,0,0,0,0,0,0,222,0,0,0,0,0,0,104,0.000000,0,-0.000000,0,-61.435295,-74.647095,71.113083,0.000000,57.246395,0.000000
349.8741015,0,0,0,0,0,0,222,0,0,0,0,0,0,104,0.000000,0,-0.000000,0,-61.435295,-74.647095,71.113083,0.000000,57.246395,0.000000
350.0998513,0,0,0,0,0,0,223,0,0,0,0,0,0,112,0.000000,0,-0.000000,0,-61.435295,-74.647095,71.113083,0.000000,57.246395,0.000000
350.1299494,0,0,0,0,0,0,223,0,0,0,0,0,0,112,0.000000,0,-0.000000,0,-61.435295,-74.647095,71.113083,0.000000,57.246395,0.000000
350.145992,0,0,0,0,0,0,223,0,0,0,0,0,0,112,0.000000,0,-0.000000,0,33.562706,-89.496101,43.126915,0.000000,57.246395,0.000000
350.1780777,0,0,0,0,0,0,223,0,0,0,0,0,0,112,0.000000,0,-0.000000,0,33.562706,-89.496101,43.126915,0.000000,57.145564,0.000000
350.8647342,0,0,0,0,0,0,223,0,0,0,0,0,0,112,0.000000,0,-0.000000,0,33.562706,-89.496101,43.126915,0.000000,57.145564,0.000000
351.3443708,0,0,0,0,0,0,223,0,0,0,0,0,0,112,0.000000,0,-0.000000,0,33.562706,-89.496101,43.126915,0.000000,57.145564,0.000000
351.3764948,0,0,0,0,0,0,223,0,0,0,0,0,0,112,0.000000,0,-0.000000,0,-58.554459,-65.077263,54.343693,0.000000,57.145564,0.000000
351.4085417,0,0,0,0,0,0,223,0,0,0,0,0,0,112,0.000000,0,-0.000000,0,-58.554459,-65.077263,54.343693,0.000000,57.120358,0.000000
351.6169112,0,0,0,0,0,0,223,0,0,0,0,0,0,112,0.000000,0,-0.000000,0,-6.214594,-66.316414,37.485737,0.000000,57.120358,0.000000
351.6480309,0,0,0,0,0,0,223,0,0,0,0,0,0,112,0.000000,0,-0.000000,0,-6.214594,-66.316414,37.485737,0.000000,57.069940,0.000000
351.823715,0,0,0,0,0,0,222,0,0,0,0,0,0,102,0.000000,0,-0.000000,0,-6.214594,-66.316414,37.485737,0.000000,57.069940,0.000000
351.8718433,0,0,0,0,0,0,222,0,0,0,0,0,0,102,0.000000,0,-0.000000,0,44.924339,-118.761986,-8.751532,0.000000,57.069940,0.000000
351.8878856,0,0,0,0,0,0,222,0,0,0,0,0,0,102,0.000000,0,-0.000000,0,44.924339,-118.761986,-8.751532,0.000000,56.641413,0.000000
354.0303596,0,0,0,0,0,0,222,0,0,0,0,0,0,102,0.000000,0,-0.000000,0,44.924339,-118.761986,-8.751532,0.000000,56.641413,0.000000
354.046441,0,0,0,0,0,0,222,0,0,0,0,0,0,102,0.000000,0,-0.000000,0,40.676720,144.207443,-122.158920,0.000000,56.641413,0.000000
354.0785263,0,0,0,0,0,0,222,0,0,0,0,0,0,102,0.000000,0,-0.000000,0,40.676720,144.207443,-122.158920,0.000000,57.170771,0.000000
354.2542411,0,0,0,0,0,0,224,0,0,0,0,0,0,100,0.000000,0,-0.000000,0,40.676720,144.207443,-122.158920,0.000000,57.170771,0.000000
354.2702834,0,0,0,0,0,0,224,0,0,0,0,0,0,100,0.000000,0,-0.000000,0,40.676720,144.207443,-122.158920,0.000000,57.170771,0.000000
354.3184101,0,0,0,0,0,0,224,0,0,0,0,0,0,100,0.000000,0,-0.000000,0,40.676720,144.207443,-122.158920,0.000000,57.422847,0.000000
354.4938196,0,0,0,0,0,0,224,0,0,0,0,0,0,103,0.000000,0,-0.000000,0,40.676720,144.207443,-122.158920,0.000000,57.422847,0.000000
354.5259432,0,0,0,0,0,0,224,0,0,0,0,0,0,103,0.000000,0,-0.000000,0,40.676720,144.207443,-122.158920,0.000000,57.422847,0.000000
354.5419859,0,0,0,0,0,0,224,0,0,0,0,0,0,103,0.000000,0,-0.000000,0,-59.650101,67.994759,-73.032341,0.000000,57.422847,0.000000
354.5579906,0,0,0,0,0,0,224,0,0,0,0,0,0,103,0.000000,0,-0.000000,0,-59.650101,67.994759,-73.032341,0.000000,57.422847,0.000000
354.7500254,0,0,0,0,0,0,222,0,0,0,0,0,0,110,0.000000,0,-0.000000,0,-59.650101,67.994759,-73.032341,0.000000,57.422847,0.000000
354.766027,0,0,0,0,0,0,222,0,0,0,0,0,0,110,0.000000,0,-0.000000,0,-59.650101,67.994759,-73.032341,0.000000,57.422847,0.000000
354.7820708,0,0,0,0,0,0,222,0,0,0,0,0,0,110,0.000000,0,-0.000000,0,-29.169458,-33.950691,14.933223,0.000000,57.422847,0.000000
354.9895198,0,0,0,0,0,0,220,0,0,0,0,0,0,110,0.000000,0,-0.000000,0,-29.169458,-33.950691,14.933223,0.000000,57.422847,0.000000
355.4852456,0,0,0,0,0,0,220,0,0,0,0,0,0,110,00,0,103,103,-29.169458,-33.950691,14.933223,0.000000,57.422847,0.000000
355.5494174,0,0,0,0,0,0,220,0,0,0,0,0,0,110,00,0,103,103,-29.169458,-33.950691,14.933223,0.000000,57.271602,0.000000
356.525063,0,0,0,0,0,0,220,0,0,0,0,0,0,110,00,0,103,103,-29.169458,-33.950691,14.933223,0.000000,56.742244,0.000000
356.7162829,0,0,0,0,0,0,223,0,0,0,0,0,0,100,00,0,103,103,-29.169458,-33.950691,14.933223,0.000000,56.742244,0.000000
358.2360308,0,0,0,0,0,0,223,0,0,0,0,0,0,100,00,0,103,103,-21.471222,47.528095,-40.830788,0.000000,56.742244,0.000000
358.2520383,0,0,0,0,0,0,223,0,0,0,0,0,0,100,00,0,103,103,-21.471222,47.528095,-40.830788,0.000000,57.271602,0.000000
358.891336,0,0,0,0,0,0,224,0,0,0,0,0,0,110,00,0,103,103,-21.471222,47.528095,-40.830788,0.000000,57.271602,0.000000
358.9073356,0,0,0,0,0,0,224,0,0,0,0,0,0,110,0.000000,0,-0.000000,0,-21.471222,47.528095,-40.830788,0.000000,57.271602,0.000000
358.9555038,0,0,0,0,0,0,224,0,0,0,0,0,0,110,0.000000,0,-0.000000,0,-21.471222,47.528095,-40.830788,0.000000,55.128959,0.000000
359.1468959,0,0,0,0,0,0,224,0,0,0,0,0,0,110,0.000000,0,-0.000000,0,-21.471222,47.528095,-40.830788,0.000000,55.128959,0.000000
359.1789812,0,0,0,0,0,0,224,0,0,0,0,0,0,110,0.000000,0,-0.000000,0,13.752679,28.152674,114.057327,0.000000,55.128959,0.000000
359.1950223,0,0,0,0,0,0,224,0,0,0,0,0,0,110,0.000000,0,-0.000000,0,13.752679,28.152674,114.057327,0.000000,57.195978,0.000000
359.3868371,0,0,0,0,0,0,225,0,0,0,0,0,0,112,0.000000,0,-0.000000,0,13.752679,28.152674,114.057327,0.000000,57.195978,0.000000
359.4028821,0,0,0,0,0,0,225,0,0,0,0,0,0,112,0.000000,0,-0.000000,0,13.752679,28.152674,114.057327,0.000000,57.195978,0.000000
359.4188844,0,0,0,0,0,0,225,0,0,0,0,0,0,112,0.000000,0,-0.000000,0,31.093225,28.308327,175.601807,0.000000,57.195978,0.000000
359.4509697,0,0,0,0,0,0,225,0,0,0,0,0,0,112,0.000000,0,-0.000000,0,31.093225,28.308327,175.601807,0.000000,57.044733,0.000000
359.6273914,0,0,0,0,0,0,224,0,0,0,0,0,0,115,0.000000,0,-0.000000,0,31.093225,28.308327,175.601807,0.000000,57.044733,0.000000
359.6434344,0,0,0,0,0,0,224,0,0,0,0,0,0,115,0.000000,0,-0.000000,0,31.093225,28.308327,175.601807,0.000000,57.044733,0.000000
359.6745174,0,0,0,0,0,0,224,0,0,0,0,0,0,115,0.000000,0,-0.000000,0,30.295910,43.462585,-113.299179,0.000000,57.044733,0.000000
359.6905593,0,0,0,0,0,0,224,0,0,0,0,0,0,115,0.000000,0,-0.000000,0,30.295910,43.462585,-113.299179,0.000000,57.246395,0.000000
362.1058329,0,0,0,0,0,0,224,0,0,0,0,0,0,115,0.000000,0,-0.000000,0,30.295910,43.462585,-113.299179,0.000000,57.246395,0.000000
362.6009009,0,0,0,0,0,0,224,0,0,0,0,0,0,115,0.000000,0,-0.000000,0,30.295910,43.462585,-113.299179,0.000000,57.246395,0.000000
362.649608,0,0,0,0,0,0,224,0,0,0,0,0,0,115,0.000000,0,-0.000000,0,30.295910,43.462585,-113.299179,0.000000,57.195978,0.000000
363.3210638,0,0,0,0,0,0,220,0,0,0,0,0,0,105,0.000000,0,-0.000000,0,30.295910,43.462585,-113.299179,0.000000,57.195978,0.000000
363.337108,0,0,0,0,0,0,220,0,0,0,0,0,0,105,0.000000,0,-0.000000,0,30.295910,43.462585,-113.299179,0.000000,57.195978,0.000000
364.0406119,0,0,0,0,0,0,220,0,0,0,0,0,0,105,0.000000,0,-0.000000,0,30.295910,43.462585,-113.299179,0.000000,57.195978,0.000000
364.0561144,0,0,0,0,0,0,220,0,0,0,0,0,0,105,0.000000,0,-0.000000,0,64.849075,10.538154,-114.536568,0.000000,57.195978,0.000000
364.0883396,0,0,0,0,0,0,220,0,0,0,0,0,0,105,0.000000,0,-0.000000,0,64.849075,10.538154,-114.536568,0.000000,57.246395,0.000000
364.2800493,0,0,0,255,130,254,59,248,255,0,0,0,0,225,0.000000,0,-0.000000,0,64.849075,10.538154,-114.536568,0.000000,57.246395,0.000000
364.2960544,0,0,0,255,130,254,59,248,255,0,0,0,0,225,0.000000,192,0.000000,-48,64.849075,10.538154,-114.536568,0.000000,57.246395,0.000000
364.3121362,0,0,0,255,130,254,59,248,255,0,0,0,0,225,0.000000,192,0.000000,-48,44.332825,97.560059,-0.317588,0.000000,57.246395,0.000000
364.5369212,0,0,0,255,130,254,59,248,255,0,0,0,0,225,0.000000,0,-0.000000,0,44.332825,97.560059,-0.317588,0.000000,57.246395,0.000000
364.5520023,0,0,0,255,130,254,59,248,255,0,0,0,0,225,0.000000,0,-0.000000,0,-7.421245,85.661118,34.025799,0.000000,57.246395,0.000000
364.5850116,0,0,0,255,130,254,59,248,255,0,0,0,0,225,0.000000,0,-0.000000,0,-7.421245,85.661118,34.025799,0.000000,57.322016,0.000000
364.7753892,0,0,0,255,130,254,59,248,255,0,0,0,0,225,0.000000,0,-0.000000,0,-7.421245,85.661118,34.025799,0.000000,57.322016,0.000000
364.7913959,0,0,0,255,130,254,59,248,255,0,0,0,0,225,0.000000,0,-0.000000,0,-39.925522,53.303570,83.138390,0.000000,57.322016,0.000000
364.8234811,0,0,0,255,130,254,59,248,255,0,0,0,0,225,0.000000,0,-0.000000,0,-39.925522,53.303570,83.138390,0.000000,57.422847,0.000000
365.0315851,0,0,0,255,130,254,59,248,255,0,0,0,0,225,0.000000,0,-0.000000,0,-39.925522,53.303570,83.138390,0.000000,57.422847,0.000000
365.0481054,0,0,0,255,130,254,59,248,255,0,0,0,0,225,0.000000,0,-0.000000,0,-22.678263,-0.750222,149.807068,0.000000,57.422847,0.000000
365.0636692,0,0,0,255,130,254,59,248,255,0,0,0,0,225,0.000000,0,-0.000000,0,-22.678263,-0.750222,149.807068,0.000000,57.523678,0.000000
365.2549432,0,0,0,0,0,0,220,0,0,0,0,0,0,99,0.000000,0,-0.000000,0,-22.678263,-0.750222,149.807068,0.000000,57.523678,0.000000
365.270987,0,0,0,0,0,0,220,0,0,0,0,0,0,99,0.000000,0,-0.000000,0,-22.678263,-0.750222,149.807068,0.000000,57.523678,0.000000
365.2870296,0,0,0,0,0,0,220,0,0,0,0,0,0,99,0.000000,0,-0.000000,0,-14.805112,-4.495582,166.018890,0.000000,57.523678,0.000000
365.54284,0,0,0,0,0,0,220,0,0,0,0,0,0,99,0.000000,0,-0.000000,0,2.835906,-6.892193,-166.558044,0.000000,57.523678,0.000000
365.7504387,0,0,0,0,0,0,220,0,0,0,0,0,0,99,0.000000,0,-0.000000,0,2.835906,-6.892193,-166.558044,0.000000,57.523678,0.000000
365.7836463,0,0,0,0,0,0,220,0,0,0,0,0,0,99,0.000000,0,-0.000000,0,43.888897,-21.428223,-139.883759,0.000000,57.523678,0.000000
365.7984793,0,0,0,0,0,0,220,0,0,0,0,0,0,99,0.000000,0,-0.000000,0,43.888897,-21.428223,-139.883759,0.000000,57.221189,0.000000
365.9929268,0,0,0,0,0,0,223,0,0,0,0,0,0,102,0.000000,0,-0.000000,0,43.888897,-21.428223,-139.883759,0.000000,57.221189,0.000000
366.0069649,0,0,0,0,0,0,223,0,0,0,0,0,0,102,0.000000,0,-0.000000,0,43.888897,-21.428223,-139.883759,0.000000,57.221189,0.000000
366.0236637,0,0,0,0,0,0,223,0,0,0,0,0,0,102,0.000000,0,-0.000000,0,78.736801,79.186714,-8.258270,0.000000,57.221189,0.000000
366.054388,0,0,0,0,0,0,223,0,0,0,0,0,0,102,0.000000,0,-0.000000,0,78.736801,79.186714,-8.258270,0.000000,57.548885,0.000000
366.2306758,0,0,0,0,0,0,222,0,0,0,0,0,0,104,0.000000,0,-0.000000,0,78.736801,79.186714,-8.258270,0.000000,57.548885,0.000000
366.2467196,0,0,0,0,0,0,222,0,0,0,0,0,0,104,0.000000,0,-0.000000,0,78.736801,79.186714,-8.258270,0.000000,57.548885,0.000000
366.2788171,0,0,0,0,0,0,222,0,0,0,0,0,0,104,0.000000,0,-0.000000,0,26.178862,104.159309,40.727459,0.000000,57.548885,0.000000
366.2948471,0,0,0,0,0,0,222,0,0,0,0,0,0,104,0.000000,0,-0.000000,0,26.178862,104.159309,40.727459,0.000000,57.195978,0.000000
366.5023672,0,0,0,0,0,0,222,0,0,0,0,0,0,104,0.000000,0,-0.000000,0,26.178862,104.159309,40.727459,0.000000,57.195978,0.000000
366.5183735,0,0,0,0,0,0,222,0,0,0,0,0,0,104,0.000000,0,-0.000000,0,4.456090,95.327477,55.767918,0.000000,57.195978,0.000000
366.550021,0,0,0,0,0,0,222,0,0,0,0,0,0,104,0.000000,0,-0.000000,0,4.456090,95.327477,55.767918,0.000000,57.044733,0.000000
367.0134893,0,0,0,0,0,0,222,0,0,0,0,0,0,104,0.000000,0,-0.000000,0,-36.249897,77.172112,83.319656,0.000000,57.044733,0.000000
367.2213681,0,0,0,0,0,0,223,0,0,0,0,0,0,97,0.000000,0,-0.000000,0,-36.249897,77.172112,83.319656,0.000000,57.044733,0.000000
367.2374068,0,0,0,0,0,0,223,0,0,0,0,0,0,97,0.000000,0,-0.000000,0,-36.249897,77.172112,83.319656,0.000000,57.044733,0.000000
367.2534163,0,0,0,0,0,0,223,0,0,0,0,0,0,97,0.000000,0,-0.000000,0,-43.707298,14.618761,157.088379,0.000000,57.044733,0.000000
367.2855339,0,0,0,0,0,0,223,0,0,0,0,0,0,97,0.000000,0,-0.000000,0,-43.707298,14.618761,157.088379,0.000000,56.313713,0.000000
367.7810686,0,0,0,0,0,0,223,0,0,0,0,0,0,97,0.000000,0,-0.000000,0,-43.707298,14.618761,157.088379,0.000000,57.095151,0.000000
367.9571374,0,0,0,0,0,0,223,0,0,0,0,0,0,102,0.000000,0,-0.000000,0,-43.707298,14.618761,157.088379,0.000000,57.095151,0.000000
367.9731437,0,0,0,0,0,0,223,0,0,0,0,0,0,102,0.000000,0,-0.000000,0,-43.707298,14.618761,157.088379,0.000000,57.095151,0.000000
368.2448008,0,0,0,0,0,0,223,0,0,0,0,0,0,102,0.000000,0,-0.000000,0,-2.161631,98.928650,60.657787,0.000000,57.095151,0.000000
368.2608055,0,0,0,0,0,0,223,0,0,0,0,0,0,102,0.000000,0,-0.000000,0,-2.161631,98.928650,60.657787,0.000000,57.195978,0.000000
368.6940394,0,0,0,0,0,0,223,0,0,0,0,0,0,102,0.000000,0,-0.000000,0,0,0,86.2 77 5,0.000000,57.195978,0.000000
369.1563391,0,0,0,0,0,0,223,0,0,0,0,0,0,102,0.000000,0,-0.000000,0,0,0,86.2 77 5,0.000000,57.195978,0.000000
369.3804166,0,0,0,0,0,0,223,0,0,0,0,0,0,98,0.000000,0,-0.000000,0,0,0,86.2 77 5,0.000000,57.195978,0.000000
369.3964955,0,0,0,0,0,0,223,0,0,0,0,0,0,98,0.000000,0,-0.000000,0,0,0,86.2 77 5,0.000000,57.195978,0.000000
369.4285433,0,0,0,0,0,0,223,0,0,0,0,0,0,98,0.000000,0,-0.000000,0,56.550377,158.023224,51.750492,0.000000,57.195978,0.000000
369.4445863,0,0,0,0,0,0,223,0,0,0,0,0,0,98,0.000000,0,-0.000000,0,56.550377,158.023224,51.750492,0.000000,57.170771,0.000000
369.6219514,0,0,0,0,0,0,223,0,0,0,0,0,0,104,0.000000,0,-0.000000,0,56.550377,158.023224,51.750492,0.000000,57.170771,0.000000
369.7001984,0,0,0,0,0,0,223,0,0,0,0,0,0,104,0.000000,0,-0.000000,0,56.550377,158.023224,51.750492,0.000000,57.195978,0.000000
369.8757521,0,0,0,0,0,0,222,0,0,0,0,0,0,102,0.000000,0,-0.000000,0,56.550377,158.023224,51.750492,0.000000,57.195978,0.000000
369.8918358,0,0,0,0,0,0,222,0,0,0,0,0,0,102,0.000000,0,-0.000000,0,56.550377,158.023224,51.750492,0.000000,57.195978,0.000000
369.9399625,0,0,0,0,0,0,222,0,0,0,0,0,0,102,0.000000,0,-0.000000,0,56.550377,158.023224,51.750492,0.000000,57.271602,0.000000
370.115212,0,0,0,0,0,0,222,0,0,0,0,0,0,100,0.000000,0,-0.000000,0,56.550377,158.023224,51.750492,0.000000,57.271602,0.000000
370.1312547,0,0,0,0,0,0,222,0,0,0,0,0,0,100,0.000000,0,0.000000,-48,56.550377,158.023224,51.750492,0.000000,57.271602,0.000000
370.1633388,0,0,0,0,0,0,222,0,0,0,0,0,0,100,0.000000,0,0.000000,-48,-43.053257,90.289642,63.105385,0.000000,57.271602,0.000000
370.1793818,0,0,0,0,0,0,222,0,0,0,0,0,0,100,0.000000,0,0.000000,-48,-43.053257,90.289642,63.105385,0.002645,57.120358,0.000000
370.3718761,0,0,0,0,0,0,220,0,0,0,0,0,0,98,0.000000,0,0.000000,-48,-43.053257,90.289642,63.105385,0.002645,57.120358,0.000000
370.3869536,0,0,0,0,0,0,220,0,0,0,0,0,0,98,0.000000,0,-0.000000,0,-43.053257,90.289642,63.105385,0.002645,57.120358,0.000000
370.6591183,0,0,0,0,0,0,220,0,0,0,0,0,0,98,0.000000,0,-0.000000,0,0.690114,-41.029922,,0.002645,57.120358,0.000000
370.6751606,0,0,0,0,0,0,220,0,0,0,0,0,0,98,0.000000,0,-0.000000,0,0.690114,-41.029922,,0.005290,56.994320,0.000000
370.8514783,0,0,0,0,0,0,222,0,0,0,0,0,0,102,0.000000,0,-0.000000,0,0.690114,-41.029922,,0.005290,56.994320,0.000000
370.9306174,0,0,0,0,0,0,222,0,0,0,0,0,0,102,0.000000,0,-57.397640,0.000000,0.690114,-41.029922,,0.005290,56.994320,0.000000
371.1073499,0,0,0,0,0,0,222,0,0,0,0,0,0,97,0.000000,0,-57.397640,0.000000,0.690114,-41.029922,,0.005290,56.994320,0.000000
371.4108363,0,0,0,0,0,0,222,0,0,0,0,0,0,97,0.000000,0,-57.397640,0.000000,0.690114,-41.029922,,0.015870,57.195978,0.000000
371.8902204,0,0,0,0,0,0,222,0,0,0,0,0,0,97,0.000000,82285,-28.024719,2,0.690114,-41.029922,,0.015870,57.195978,0.000000
372.0824816,0,0,0,0,0,0,220,0,0,0,0,0,0,97,0.000000,82285,-28.024719,2,0.690114,-41.029922,,0.015870,57.195978,0.000000
372.0985661,0,0,0,0,0,0,220,0,0,0,0,0,0,97,0.000000,0,-0.000000,0,0.690114,-41.029922,,0.015870,57.195978,0.000000
372.1306226,0,0,0,0,0,0,220,0,0,0,0,0,0,97,0.000000,0,-0.000000,0,4.982829,-41.862152,-165.583282,0.015870,57.195978,0.000000
372.3539838,0,0,0,0,0,0,220,0,0,0,0,0,0,97,0.000000,0,0.000000,-48,4.982829,-41.862152,-165.583282,0.015870,57.195978,0.000000
372.8333126,0,0,0,0,0,0,220,0,0,0,0,0,0,97,0.000000,0,-0.000000,0,4.982829,-41.862152,-165.583282,0.015870,57.195978,0.000000
372.8672286,0,0,0,0,0,0,220,0,0,0,0,0,0,97,0.000000,0,-0.000000,0,-7.006112,127.046295,44.458595,0.015870,57.195978,0.000000
373.0908565,0,0,0,0,0,0,220,0,0,0,0,0,0,97,0.000000,0,-0.000000,0,-7.006112,127.046295,44.458595,0.015870,57.195978,0.000000
373.3145792,0,0,0,0,0,0,218,0,0,0,0,0,0,117,0.000000,0,-0.000000,0,-7.006112,127.046295,44.458595,0.015870,57.195978,0.000000
373.3311133,0,0,0,0,0,0,218,0,0,0,0,0,0,117,0.000000,0,-0.000000,0,-7.006112,127.046295,44.458595,0.015870,57.195978,0.000000
373.3781604,0,0,0,0,0,0,218,0,0,0,0,0,0,117,0.000000,0,-0.000000,0,-7.006112,127.046295,44.458595,0.883430,57.145564,0.000000
373.9212185,0,0,0,0,0,0,218,0,0,0,0,0,0,117,0.000000,0,-0.000000,0,0,0,16 .705154,0.883430,57.145564,0.000000
374.2750522,0,0,0,0,0,0,224,0,0,0,0,0,0,92,0.000000,0,-0.000000,0,0,0,16 .705154,0.883430,57.145564,0.000000
374.2911343,0,0,0,0,0,0,224,0,0,0,0,0,0,92,0.000000,0,0.000000,-3,0,0,16 .705154,0.883430,57.145564,0.000000
374.32197,0,0,0,0,0,0,224,0,0,0,0,0,0,92,0.000000,0,0.000000,-3,24.221146,-30.673332,-146.425781,0.883430,57.145564,0.000000
374.337055,0,0,0,0,0,0,224,0,0,0,0,0,0,92,0.000000,0,0.000000,-3,24.221146,-30.673332,-146.425781,0.843755,58.053036,0.000000
374.5157191,0,0,0,0,0,0,220,0,0,0,0,0,0,91,0.000000,0,0.000000,-3,24.221146,-30.673332,-146.425781,0.843755,58.053036,0.000000
374.5612905,0,0,0,0,0,0,220,0,0,0,0,0,0,91,0.000000,0,0.000000,-3,66.672150,-5.977336,-9,0.843755,58.053036,0.000000
374.8339431,0,0,0,0,0,0,220,0,0,0,0,0,0,91,0.000000,0,0.000000,-3,66.672150,-5.977336,-9,0.909880,57.145564,0.000000
375.312598,0,0,0,0,0,0,220,0,0,0,0,0,0,91,0.000000,0,0.000000,-3,66.672150,-5.977336,-9,0.809370,57.221189,0.000000
375.5043441,0,0,0,0,0,0,219,0,0,0,0,0,0,153,0.000000,0,0.000000,-3,66.672150,-5.977336,-9,0.809370,57.221189,0.000000
375.807602,0,0,0,0,0,0,219,0,0,0,0,0,0,153,0.000000,0,0.000000,-3,66.672150,-5.977336,-9,0.917815,57.448054,0.000000
376.4807996,0,0,0,0,0,0,219,0,0,0,0,0,0,153,0.000000,0,0.000000,-3,0,1.335725,56.8934co8,0.917815,57.448054,0.000000
377.4711376,219,0,0,0,0,0,0,135,32,48,46,48,48,48,0.000000,0,0.000000,-3,0,1.335725,56.8934co8,0.917815,57.448054,0.000000
377.4861776,219,0,0,0,0,0,0,135,32,48,46,48,48,48,0.000000,0,0.000000,-48,0,1.335725,56.8934co8,0.917815,57.448054,0.000000
377.5191174,219,0,0,0,0,0,0,135,32,48,46,48,48,48,0.000000,0,0.000000,-48,50.058769,-65.546402,-14,0.917815,57.448054,0.000000
377.5341573,219,0,0,0,0,0,0,135,32,48,46,48,48,48,0.000000,0,0.000000,-48,50.058769,-65.546402,-14,5.200070,57.170771,0.000000
382.1238564,219,0,0,0,0,0,0,135,32,48,46,48,48,48,0.500000,0,-0.500000,0,50.058769,-65.546402,-14,5.200070,57.170771,0.000000
382.8276502,0,0,0,0,0,0,213,0,0,0,0,0,0,158,0.500000,0,-0.500000,0,50.058769,-65.546402,-14,5.200070,57.170771,0.000000
382.8598912,0,0,0,0,0,0,213,0,0,0,0,0,0,158,0.000000,0,-0.000000,0,50.058769,-65.546402,-14,5.200070,57.170771,0.000000
382.9079551,0,0,0,0,0,0,213,0,0,0,0,0,0,158,0.000000,0,-0.000000,0,50.058769,-65.546402,-14,6.176075,57.347226,0.000000
383.0835408,0,0,0,0,0,0,225,0,0,0,0,0,0,52,0.000000,0,-0.000000,0,50.058769,-65.546402,-14,6.176075,57.347226,0.000000
383.0985796,0,0,0,0,0,0,225,0,0,0,0,0,0,52,0.000000,0,-0.000000,1,50.058769,-65.546402,-14,6.176075,57.347226,0.000000
383.1317841,0,0,0,0,0,0,225,0,0,0,0,0,0,52,0.000000,0,-0.000000,1,51.225296,121.065346,36.400738,6.176075,57.347226,0.000000
383.1468264,0,0,0,0,0,0,225,0,0,0,0,0,0,52,0.000000,0,-0.000000,1,51.225296,121.065346,36.400738,6.207816,57.574092,0.000000
383.3384366,0,0,0,0,0,0,225,0,0,0,0,0,0,52,0.000000,0,-0.000000,1,51.225296,121.065346,36.400738,6.207816,57.574092,0.000000
383.3710228,0,0,0,0,0,0,225,0,0,0,0,0,0,52,0.000000,0,-0.000000,1,36.824211,119.233566,39.313843,6.207816,57.574092,0.000000
383.4027569,0,0,0,0,0,0,225,0,0,0,0,0,0,52,0.000000,0,-0.000000,1,36.824211,119.233566,39.313843,6.236911,58.279905,0.000000
383.6103216,0,0,0,0,0,0,225,0,0,0,0,0,0,52,0.000000,0,-0.000000,1,-0.198337,104.099442,55.123749,6.236911,58.279905,0.000000
383.8348451,0,0,0,0,0,0,225,0,0,0,0,0,0,52,0.000000,1,-0.000000,1,-0.198337,104.099442,55.123749,6.236911,58.279905,0.000000
383.8827849,0,0,0,0,0,0,225,0,0,0,0,0,0,52,0.000000,1,-0.000000,1,-0.198337,104.099442,55.123749,6.131109,57.246395,0.000000
384.5375766,0,0,0,0,0,0,225,0,0,0,0,0,0,52,0.000000,-48,0.000000,-48,-0.198337,104.099442,55.123749,6.131109,57.246395,0.000000
384.5696567,0,0,0,0,0,0,225,0,0,0,0,0,0,52,0.000000,-48,0.000000,-48,-47.800144,29.822018,145.862610,6.131109,57.246395,0.000000
384.5856638,0,0,0,0,0,0,225,0,0,0,0,0,0,52,0.000000,-48,0.000000,-48,-47.800144,29.822018,145.862610,3.150195,57.952205,0.000000
384.7616272,0,0,0,0,0,0,209,0,0,0,0,0,0,215,0.000000,-48,0.000000,-48,-47.800144,29.822018,145.862610,3.150195,57.952205,0.000000
384.7937145,0,0,0,0,0,0,209,0,0,0,0,0,0,215,0.000000,1,-0.000000,1,-47.800144,29.822018,145.862610,3.150195,57.952205,0.000000
384.8097567,0,0,0,0,0,0,209,0,0,0,0,0,0,215,0.000000,1,-0.000000,1,-48.884815,30.141100,145.624207,3.150195,57.952205,0.000000
385.0170235,0,0,0,0,0,0,212,0,0,0,0,0,0,52,0.000000,1,-0.000000,1,-48.884815,30.141100,145.624207,3.150195,57.952205,0.000000
385.0330294,0,0,0,0,0,0,212,0,0,0,0,0,0,52,0.000000,1,-0.000000,1,-48.884815,30.141100,145.624207,3.150195,57.952205,0.000000
385.0491159,0,0,0,0,0,0,212,0,0,0,0,0,0,52,0.000000,1,-0.000000,1,-47.848980,11.376057,172.572586,3.150195,57.952205,0.000000
385.0811965,0,0,0,0,0,0,212,0,0,0,0,0,0,52,0.000000,1,-0.000000,1,-47.848980,11.376057,172.572586,5.311161,57.195978,0.000000
385.2570208,0,0,0,0,0,0,214,0,0,0,0,0,0,15,0.000000,1,-0.000000,1,-47.848980,11.376057,172.572586,5.311161,57.195978,0.000000
385.2730555,0,0,0,0,0,0,214,0,0,0,0,0,0,15,0.000000,1,-0.000000,1,-47.848980,11.376057,172.572586,5.311161,57.195978,0.000000
385.3051432,0,0,0,0,0,0,214,0,0,0,0,0,0,15,0.000000,1,-0.000000,1,-42.735847,-2.109556,-166.757721,5.311161,57.195978,0.000000
385.4987753,0,0,0,0,0,0,214,0,0,0,0,0,0,162,0.000000,1,-0.000000,1,-42.735847,-2.109556,-166.757721,5.311161,57.195978,0.000000
385.7528304,0,0,0,0,0,0,208,0,0,0,0,0,0,30,0.000000,1,-0.000000,1,-42.735847,-2.109556,-166.757721,5.311161,57.195978,0.000000
385.768873,0,0,0,0,0,0,208,0,0,0,0,0,0,30,0.000000,1,-0.000000,1,-42.735847,-2.109556,-166.757721,5.311161,57.195978,0.000000
385.784918,0,0,0,0,0,0,208,0,0,0,0,0,0,30,0.000000,1,-0.000000,1,6.770880,-41.269955,-143.638031,5.311161,57.195978,0.000000
385.8170397,0,0,0,0,0,0,208,0,0,0,0,0,0,30,0.000000,1,-0.000000,1,6.770880,-41.269955,-143.638031,5.192134,57.170771,0.000000
385.9928426,0,0,0,0,0,0,203,0,0,0,0,0,0,111,0.000000,1,-0.000000,1,6.770880,-41.269955,-143.638031,5.192134,57.170771,0.000000
386.2642828,0,0,0,0,0,0,203,0,0,0,0,0,0,111,0.000000,1,-0.000000,1,6.770880,-41.269955,-143.638031,5.192134,57.170771,0.000000
386.2802883,0,0,0,0,0,0,203,0,0,0,0,0,0,111,0.000000,1,-0.000000,1,57.894142,-80.984482,-160.383438,5.192134,57.170771,0.000000
386.3123748,0,0,0,0,0,0,203,0,0,0,0,0,0,111,0.000000,1,-0.000000,1,57.894142,-80.984482,-160.383438,4.866800,57.977416,0.000000
386.5045918,0,0,0,0,0,0,203,0,0,0,0,0,0,111,0.000000,1,-0.000000,1,57.894142,-80.984482,-160.383438,4.866800,57.977416,0.000000
386.5225003,0,0,0,0,0,0,203,0,0,0,0,0,0,111,0.000000,1,-0.000000,1,73.578102,-98.514343,179.055099,4.866800,57.977416,0.000000
386.5530752,0,0,0,0,0,0,203,0,0,0,0,0,0,111,0.000000,1,-0.000000,1,73.578102,-98.514343,179.055099,4.462114,57.221189,0.000000
387.287862,0,0,0,0,0,0,203,0,0,0,0,0,0,111,0.000000,1213485,55.859979,0.000000,73.578102,-98.514343,179.055099,4.462114,57.221189,0.000000
