661.2248198,0,0,0,0,0,0,203,0,0,0,0,0,0,111,0.000000,0,-0.000000,0,73.578102,-98.514343,179.055099,4.462114,57.221189,0.000000
661.2566858,0,0,0,0,0,0,203,0,0,0,0,0,0,111,0.000000,0,-0.000000,0,-4.705996,-132.690002,170.314255,4.462114,57.221189,0.000000
661.2724033,0,0,0,0,0,0,203,0,0,0,0,0,0,111,0.000000,0,-0.000000,0,-4.705996,-132.690002,170.314255,0.000000,57.221189,0.000000
661.4672443,0,0,0,0,0,0,203,0,0,0,0,0,0,111,0.000000,0,-0.000000,0,-4.705996,-132.690002,170.314255,0.000000,57.221189,0.000000
661.4973404,0,0,0,0,0,0,203,0,0,0,0,0,0,111,0.000000,0,-0.000000,0,-5.361036,-132.539474,170.301041,0.000000,57.221189,0.000000
661.5141198,0,0,0,0,0,0,203,0,0,0,0,0,0,111,0.000000,0,-0.000000,0,-5.361036,-132.539474,170.301041,0.000000,57.548885,0.000000
661.7199617,0,0,0,0,0,0,203,0,0,0,0,0,0,111,0.000000,0,-0.000000,0,-5.361036,-132.539474,170.301041,0.000000,57.548885,0.000000
661.7373337,0,0,0,0,0,0,203,0,0,0,0,0,0,111,0.000000,0,-0.000000,0,-6.018651,-132.387909,170.286026,0.000000,57.548885,0.000000
661.7694518,0,0,0,0,0,0,203,0,0,0,0,0,0,111,0.000000,0,-0.000000,0,-6.018651,-132.387909,170.286026,0.000000,3,0.000000
661.9932571,0,0,0,0,0,0,203,0,0,0,0,0,0,111,0.000000,0,-0.000000,0,-6.679924,-132.235184,170.269119,0.000000,3,0.000000
662.2329217,0,0,0,0,0,0,203,0,0,0,0,0,0,111,0.000000,0,-0.000000,0,-7.354957,-132.078903,170.250031,0.000000,3,0.000000
662.2651851,0,0,0,0,0,0,203,0,0,0,0,0,0,111,0.000000,0,-0.000000,0,-7.354957,-132.078903,170.250031,0.000000,57.322016,0.000000
662.4401451,0,0,0,0,0,0,219,0,0,0,0,0,0,139,0.000000,0,-0.000000,0,-7.354957,-132.078903,170.250031,0.000000,57.322016,0.000000
662.4561877,0,0,0,0,0,0,219,0,0,0,0,0,0,139,0.000000,0,-0.000000,0,-7.354957,-132.078903,170.250031,0.000000,57.322016,0.000000
662.4721936,0,0,0,0,0,0,219,0,0,0,0,0,0,139,0.000000,0,-0.000000,0,-8.020440,-131.924347,170.229355,0.000000,57.322016,0.000000
662.505088,0,0,0,0,0,0,219,0,0,0,0,0,0,139,0.000000,0,-0.000000,0,-8.020440,-131.924347,170.229355,0.000000,57.246395,0.000000
662.6795604,0,0,0,0,0,0,215,0,0,0,0,0,0,134,0.000000,0,-0.000000,0,-8.020440,-131.924347,170.229355,0.000000,57.246395,0.000000
662.6969798,0,0,0,0,0,0,215,0,0,0,0,0,0,134,0.000000,0,-0.000000,0,-8.020440,-131.924347,170.229355,0.000000,57.246395,0.000000
662.7290299,0,0,0,0,0,0,215,0,0,0,0,0,0,134,0.000000,0,-0.000000,0,-8.688540,-1,170.206741,0.000000,57.246395,0.000000
662.7440715,0,0,0,0,0,0,215,0,0,0,0,0,0,134,0.000000,0,-0.000000,0,-8.688540,-1,170.206741,0.000000,57.221189,0.000000
662.9518128,0,0,0,0,0,0,215,0,0,0,0,0,0,134,0.000000,0,-0.000000,0,-8.688540,-1,170.206741,0.000000,57.221189,0.000000
663.0008458,0,0,0,0,0,0,215,0,0,0,0,0,0,134,0.000000,0,-0.000000,0,-8.688540,-1,170.206741,0.000000,57.372433,0.000000
663.1911175,0,0,0,0,0,0,215,0,0,0,0,0,0,134,0.000000,0,-0.000000,0,-8.688540,-1,170.206741,0.000000,57.372433,0.000000
663.2232399,0,0,0,0,0,0,215,0,0,0,0,0,0,134,0.000000,0,-0.000000,0,-10.032566,-131.453705,170.155487,0.000000,57.372433,0.000000
663.2392442,0,0,0,0,0,0,215,0,0,0,0,0,0,134,0.000000,0,-0.000000,0,-10.032566,-131.453705,170.155487,0.000000,57.019527,0.000000
663.4163983,0,0,0,0,0,0,220,0,0,0,0,0,0,139,0.000000,0,-0.000000,0,-10.032566,-131.453705,170.155487,0.000000,57.019527,0.000000
663.4486353,0,0,0,0,0,0,220,0,0,0,0,0,0,139,0.000000,0,-0.000000,0,-10.032566,-131.453705,170.155487,0.000000,57.019527,0.000000
663.4636769,0,0,0,0,0,0,220,0,0,0,0,0,0,139,0.000000,0,-0.000000,0,-10.708469,-131.294281,170.126801,0.000000,57.019527,0.000000
663.4808107,0,0,0,0,0,0,220,0,0,0,0,0,0,139,0.000000,0,-0.000000,0,-10.708469,-131.294281,170.126801,0.000000,57.397640,0.000000
663.6719665,0,0,0,0,0,0,220,0,0,0,0,0,0,139,0.000000,0,-0.000000,0,-10.708469,-131.294281,170.126801,0.000000,57.397640,0.000000
663.7035623,0,0,0,0,0,0,220,0,0,0,0,0,0,139,0.000000,0,-0.000000,0,-11.386970,-131.133484,170.095978,0.000000,57.397640,0.000000
663.7359376,0,0,0,0,0,0,220,0,0,0,0,0,0,139,0.000000,0,-0.000000,0,-11.386970,-131.133484,170.095978,0.000000,57.397640,0.000000
663.9753596,0,0,0,0,0,0,220,0,0,0,0,0,0,139,0.000000,0,-0.000000,0,-11.386970,-131.133484,170.095978,0.000000,57.422847,0.000000
664.1504752,0,0,0,0,0,0,222,0,0,0,0,0,0,129,0.000000,0,-0.000000,0,-11.386970,-131.133484,170.095978,0.000000,57.422847,0.000000
664.166534,0,0,0,0,0,0,222,0,0,0,0,0,0,129,0.000000,0,-0.000000,0,-11.386970,-131.133484,170.095978,0.000000,57.422847,0.000000
664.2146446,0,0,0,0,0,0,222,0,0,0,0,0,0,129,0.000000,0,-0.000000,0,-11.386970,-131.133484,170.095978,0.000000,57.347226,0.000000
664.423125,0,0,0,0,0,0,222,0,0,0,0,0,0,129,0.000000,0,-0.000000,0,-11.386970,-131.133484,170.095978,0.000000,57.347226,0.000000
664.4720743,0,0,0,0,0,0,222,0,0,0,0,0,0,129,0.000000,0,-0.000000,0,-11.386970,-131.133484,170.095978,0.000000,57.221189,0.000000
664.6491458,0,0,0,0,0,0,220,0,0,0,0,0,0,132,0.000000,0,-0.000000,0,-11.386970,-131.133484,170.095978,0.000000,57.221189,0.000000
664.6622373,0,0,0,0,0,0,220,0,0,0,0,0,0,132,0.000000,0,-0.000000,0,-11.386970,-131.133484,170.095978,0.000000,57.221189,0.000000
664.6955931,0,0,0,0,0,0,220,0,0,0,0,0,0,132,0.000000,0,-0.000000,0,-13.441759,-130.641632,169.990234,0.000000,57.221189,0.000000
664.9666864,0,0,0,0,0,0,218,0,0,0,0,0,0,134,0.000000,0,-0.000000,0,-13.441759,-130.641632,169.990234,0.000000,57.221189,0.000000
664.9827279,0,0,0,0,0,0,218,0,0,0,0,0,0,134,0.000000,0,-0.000000,0,-13.441759,-130.641632,169.990234,0.000000,57.221189,0.000000
665.0138117,0,0,0,0,0,0,218,0,0,0,0,0,0,134,0.000000,0,-0.000000,0,-14.837820,-130.302551,169.907394,0.000000,57.221189,0.000000
665.2059252,0,0,0,0,0,0,218,0,0,0,0,0,0,132,0.000000,0,-0.000000,0,-14.837820,-130.302551,169.907394,0.000000,57.221189,0.000000
665.2540464,0,0,0,0,0,0,218,0,0,0,0,0,0,132,0.000000,0,-0.000000,0,-15.543051,-130.129593,169.862076,0.000000,57.221189,0.000000
665.2704323,0,0,0,0,0,0,218,0,0,0,0,0,0,132,0.000000,0,-0.000000,0,-15.543051,-130.129593,169.862076,0.000000,57.221189,0.000000
665.4474351,0,0,0,0,0,0,215,0,0,0,0,0,0,133,0.000000,0,-0.000000,0,-15.543051,-130.129593,169.862076,0.000000,57.221189,0.000000
665.4950834,0,0,0,0,0,0,215,0,0,0,0,0,0,133,0.000000,0,-0.000000,0,-16.239822,-129.957458,169.814926,0.000000,57.221189,0.000000
665.5269293,0,0,0,0,0,0,215,0,0,0,0,0,0,133,0.000000,0,-0.000000,0,-16.239822,-129.957458,169.814926,0.000000,57.221189,0.000000
665.7019422,0,0,0,0,0,0,215,0,0,0,0,0,0,140,0.000000,0,-0.000000,0,-16.239822,-129.957458,169.814926,0.000000,57.221189,0.000000
665.750031,0,0,0,0,0,0,215,0,0,0,0,0,0,140,0.000000,0,-0.000000,0,-16.939178,-129.783447,169.765259,0.000000,57.221189,0.000000
665.7660894,0,0,0,0,0,0,215,0,0,0,0,0,0,140,0.000000,0,-0.000000,0,-16.939178,-129.783447,169.765259,0.000000,57.372433,0.000000
665.9423882,0,0,0,0,0,0,220,0,0,0,0,0,0,140,0.000000,0,-0.000000,0,-16.939178,-129.783447,169.765259,0.000000,57.372433,0.000000
665.989436,0,0,0,0,0,0,220,0,0,0,0,0,0,140,0.000000,0,-0.000000,0,-17.641113,-129.607437,169.712936,0.000000,57.372433,0.000000
666.0058757,0,0,0,0,0,0,220,0,0,0,0,0,0,140,0.000000,0,-0.000000,0,-17.641113,-129.607437,169.712936,0.000000,57.296809,0.000000
666.213327,0,0,0,0,0,0,220,0,0,0,0,0,0,140,0.000000,0,-0.000000,0,-17.641113,-129.607437,169.712936,0.000000,57.296809,0.000000
666.2619381,0,0,0,0,0,0,220,0,0,0,0,0,0,140,0.000000,0,-0.000000,0,-17.641113,-129.607437,169.712936,0.000000,57.195978,0.000000
666.453286,0,0,0,0,0,0,220,0,0,0,0,0,0,140,0.000000,0,-0.000000,0,-17.641113,-129.607437,169.712936,0.000000,57.195978,0.000000
666.4853716,0,0,0,0,0,0,220,0,0,0,0,0,0,140,0.000000,0,-0.000000,0,-19.052736,-129.249130,169.600143,0.000000,57.195978,0.000000
666.6936234,0,0,0,0,0,0,219,0,0,0,0,0,0,138,0.000000,0,-0.000000,0,-19.052736,-129.249130,169.600143,0.000000,57.195978,0.000000
666.7119009,0,0,0,0,0,0,219,0,0,0,0,0,0,138,0.000000,0,-0.000000,0,-19.052736,-129.249130,169.600143,0.000000,57.195978,0.000000
666.7257932,0,0,0,0,0,0,219,0,0,0,0,0,0,138,0.000000,0,-0.000000,0,-19.762415,-129.066635,169.539490,0.000000,57.195978,0.000000
666.7579065,0,0,0,0,0,0,219,0,0,0,0,0,0,138,0.000000,0,-0.000000,0,-19.762415,-129.066635,169.539490,0.000000,57.044733,0.000000
666.9341994,0,0,0,0,0,0,217,0,0,0,0,0,0,140,0.000000,0,-0.000000,0,-19.762415,-129.066635,169.539490,0.000000,57.044733,0.000000
666.9492433,0,0,0,0,0,0,217,0,0,0,0,0,0,140,0.000000,0,-0.000000,0,-19.762415,-129.066635,169.539490,0.000000,57.044733,0.000000
666.9656324,0,0,0,0,0,0,217,0,0,0,0,0,0,140,0.000000,0,-0.000000,0,-20.474615,-128.881851,169.475952,0.000000,57.044733,0.000000
666.9982941,0,0,0,0,0,0,217,0,0,0,0,0,0,140,0.000000,0,-0.000000,0,-20.474615,-128.881851,169.475952,0.000000,57.574092,0.000000
667.1725947,0,0,0,0,0,0,219,0,0,0,0,0,0,140,0.000000,0,-0.000000,0,-20.474615,-128.881851,169.475952,0.000000,57.574092,0.000000
667.1886373,0,0,0,0,0,0,219,0,0,0,0,0,0,140,0.000000,0,-0.000000,0,-20.474615,-128.881851,169.475952,0.000000,57.574092,0.000000
667.221137,0,0,0,0,0,0,219,0,0,0,0,0,0,140,0.000000,0,-0.000000,0,-20.474615,-128.881851,169.475952,0.000000,57.574092,0.000000
667.2368028,0,0,0,0,0,0,219,0,0,0,0,0,0,140,0.000000,0,-0.000000,0,-20.474615,-128.881851,169.475952,0.000000,57.246395,0.000000
667.4309326,0,0,0,0,0,0,219,0,0,0,0,0,0,142,0.000000,0,-0.000000,0,-20.474615,-128.881851,169.475952,0.000000,57.246395,0.000000
667.4768032,0,0,0,0,0,0,219,0,0,0,0,0,0,142,0.000000,0,-0.000000,0,-21.192261,-128.693832,169.409058,0.000000,57.246395,0.000000
667.4937213,0,0,0,0,0,0,219,0,0,0,0,0,0,142,0.000000,0,-0.000000,0,-21.192261,-128.693832,169.409058,0.000000,56.691827,0.000000
667.731776,0,0,0,0,0,0,219,0,0,0,0,0,0,142,0.000000,0,-0.000000,0,-21.192261,-128.693832,169.409058,0.000000,56.590999,0.000000
667.908456,0,0,0,0,0,0,219,0,0,0,0,0,0,137,0.000000,0,-0.000000,0,-21.192261,-128.693832,169.409058,0.000000,56.590999,0.000000
667.9244994,0,0,0,0,0,0,219,0,0,0,0,0,0,137,0.000000,0,-0.000000,0,-21.192261,-128.693832,169.409058,0.000000,56.590999,0.000000
668.1634435,0,0,0,0,0,0,223,0,0,0,0,0,0,140,0.000000,0,-0.000000,0,-21.192261,-128.693832,169.409058,0.000000,56.590999,0.000000
668.1794462,0,0,0,0,0,0,223,0,0,0,0,0,0,140,0.000000,0,-0.000000,0,-21.192261,-128.693832,169.409058,0.000000,56.590999,0.000000
668.2115315,0,0,0,0,0,0,223,0,0,0,0,0,0,140,0.000000,0,-0.000000,0,-23.351957,-128.116196,169.190094,0.000000,56.590999,0.000000
668.2276148,0,0,0,0,0,0,223,0,0,0,0,0,0,140,0.000000,0,-0.000000,0,-23.351957,-128.116196,169.190094,0.000000,57.145564,0.000000
668.4049471,0,0,0,0,0,0,220,0,0,0,0,0,0,135,0.000000,0,-0.000000,0,-23.351957,-128.116196,169.190094,0.000000,57.145564,0.000000
668.4221658,0,0,0,0,0,0,220,0,0,0,0,0,0,135,0.000000,0,-0.000000,0,-23.351957,-128.116196,169.190094,0.000000,57.145564,0.000000
668.4522418,0,0,0,0,0,0,220,0,0,0,0,0,0,135,0.000000,0,-0.000000,0,-24.076941,-127.918015,169.110397,0.000000,57.145564,0.000000
668.4688478,0,0,0,0,0,0,220,0,0,0,0,0,0,135,0.000000,0,-0.000000,0,-24.076941,-127.918015,169.110397,0.000000,57.523678,0.000000
668.6597544,0,0,0,0,0,0,220,0,0,0,0,0,0,135,0.000000,0,-0.000000,0,-24.076941,-127.918015,169.110397,0.000000,57.523678,0.000000
668.7087376,0,0,0,0,0,0,220,0,0,0,0,0,0,135,0.000000,0,-0.000000,0,-24.804396,-127.716843,169.027130,0.000000,57.523678,0.000000
668.7239739,0,0,0,0,0,0,220,0,0,0,0,0,0,135,0.000000,0,-0.000000,0,-24.804396,-127.716843,169.027130,0.000000,56.464962,0.000000
668.899176,0,0,0,0,0,0,222,0,0,0,0,0,0,133,0.000000,0,-0.000000,0,-24.804396,-127.716843,169.027130,0.000000,56.464962,0.000000
668.9152202,0,0,0,0,0,0,222,0,0,0,0,0,0,133,0.000000,0,-0.000000,0,-24.804396,-127.716843,169.027130,0.000000,56.464962,0.000000
668.9473055,0,0,0,0,0,0,222,0,0,0,0,0,0,133,0.000000,0,-0.000000,0,-25.534523,-127.512360,168.940186,0.000000,56.464962,0.000000
668.963347,0,0,0,0,0,0,222,0,0,0,0,0,0,133,0.000000,0,-0.000000,0,-25.534523,-127.512360,168.940186,0.000000,57.296809,0.000000
669.1395806,0,0,0,0,0,0,219,0,0,0,0,0,0,132,0.000000,0,-0.000000,0,-25.534523,-127.512360,168.940186,0.000000,57.296809,0.000000
669.1554782,0,0,0,0,0,0,219,0,0,0,0,0,0,132,0.000000,0,-0.000000,0,-25.534523,-127.512360,168.940186,0.000000,57.296809,0.000000
669.187571,0,0,0,0,0,0,219,0,0,0,0,0,0,132,0.000000,0,-0.000000,0,-26.266960,-127.304695,168.849487,0.000000,57.296809,0.000000
669.2041529,0,0,0,0,0,0,219,0,0,0,0,0,0,132,0.000000,0,-0.000000,0,-26.266960,-127.304695,168.849487,0.000000,57.221189,0.000000
669.3958251,0,0,0,0,0,0,220,0,0,0,0,0,0,129,0.000000,0,-0.000000,0,-26.266960,-127.304695,168.849487,0.000000,57.221189,0.000000
669.4114814,0,0,0,0,0,0,220,0,0,0,0,0,0,129,0.000000,0,-0.000000,0,-26.266960,-127.304695,168.849487,0.000000,57.221189,0.000000
669.7149733,0,0,0,0,0,0,220,0,0,0,0,0,0,129,0.000000,0,-0.000000,0,-26.266960,-127.304695,168.849487,0.000000,57.221189,0.000000
669.747339,0,0,0,0,0,0,220,0,0,0,0,0,0,129,0.000000,0,-0.000000,0,74,-126.660591,168.553253,0.000000,57.221189,0.000000
669.9544625,0,0,0,0,0,0,218,0,0,48,0,45,48,46,0.000000,0,-0.000000,0,74,-126.660591,168.553253,0.000000,57.221189,0.000000
669.9705051,0,0,0,0,0,0,218,0,0,48,0,45,48,46,0.000000,-48,0.000000,-48,74,-126.660591,168.553253,0.000000,57.221189,0.000000
670.0025896,0,0,0,0,0,0,218,0,0,48,0,45,48,46,0.000000,-48,0.000000,-48,-29.222980,-126.437576,168.445633,0.000000,57.221189,0.000000
670.0186322,0,0,0,0,0,0,218,0,0,48,0,45,48,46,0.000000,-48,0.000000,-48,-29.222980,-126.437576,168.445633,0.000000,5,0.000000
670.1943586,0,0,0,0,0,0,219,0,0,0,0,0,0,138,0.000000,-48,0.000000,-48,-29.222980,-126.437576,168.445633,0.000000,5,0.000000
670.2423024,0,0,0,0,0,0,219,0,0,0,0,0,0,138,0.000000,-48,0.000000,-48,-29.967920,-126.210991,168.333740,0.000000,5,0.000000
670.2582285,0,0,0,0,0,0,219,0,0,0,0,0,0,138,0.000000,-48,0.000000,-48,-29.967920,-126.210991,168.333740,0.000000,57.498471,0.000000
670.4355762,0,0,0,0,0,0,219,0,0,0,0,0,0,138,0.000000,-48,0.000000,-48,-29.967920,-126.210991,168.333740,0.000000,57.498471,0.000000
670.5157163,0,0,0,0,0,0,219,0,0,0,0,0,0,138,0.000000,-48,0.000000,-48,-29.967920,-126.210991,168.333740,0.000000,56.641413,0.000000
670.6916307,0,0,0,0,0,0,219,0,0,0,0,0,0,134,0.000000,-48,0.000000,-48,-29.967920,-126.210991,168.333740,0.000000,56.641413,0.000000
670.7547879,0,0,0,0,0,0,219,0,0,0,0,0,0,134,0.000000,-48,0.000000,-48,-29.967920,-126.210991,168.333740,0.000000,57.347226,0.000000
670.9307086,0,0,0,0,0,0,219,0,0,0,0,0,0,137,0.000000,-48,0.000000,-48,-29.967920,-126.210991,168.333740,0.000000,57.347226,0.000000
670.9457873,0,0,0,0,0,0,219,0,0,0,0,0,0,137,0.000000,0,-0.000000,0,-29.967920,-126.210991,168.333740,0.000000,57.347226,0.000000
670.9793877,0,0,0,0,0,0,219,0,0,0,0,0,0,137,0.000000,0,-0.000000,0,-21.401339,-126.689209,105.884529,0.000000,57.347226,0.000000
670.9944292,0,0,0,0,0,0,219,0,0,0,0,0,0,137,0.000000,0,-0.000000,0,-21.401339,-126.689209,105.884529,0.000000,57.170771,0.000000
671.1709354,0,0,0,0,0,0,220,0,0,0,0,0,0,137,0.000000,0,-0.000000,0,-21.401339,-126.689209,105.884529,0.000000,57.170771,0.000000
671.2020548,0,0,0,0,0,0,220,0,0,0,0,0,0,137,0.000000,0,-0.000000,0,-21.401339,-126.689209,105.884529,0.000000,57.170771,0.000000
671.2341428,0,0,0,0,0,0,220,0,0,0,0,0,0,137,0.000000,0,-0.000000,0,-22.132936,-126.504219,105.815964,0.000000,57.170771,0.000000
671.2501448,0,0,0,0,0,0,220,0,0,0,0,0,0,137,0.000000,0,-0.000000,0,-22.132936,-126.504219,105.815964,0.000000,57.271602,0.000000
671.4260615,0,0,0,0,0,0,220,0,0,0,0,0,0,142,0.000000,0,-0.000000,0,-22.132936,-126.504219,105.815964,0.000000,57.271602,0.000000
671.489888,0,0,0,0,0,0,220,0,0,0,0,0,0,142,0.000000,0,-0.000000,0,-22.132936,-126.504219,105.815964,0.000000,56.817864,0.000000
671.6829069,0,0,0,0,0,0,219,0,0,0,0,0,0,137,0.000000,0,-0.000000,0,-22.132936,-126.504219,105.815964,0.000000,56.817864,0.000000
671.6829069,0,0,0,0,0,0,219,0,0,0,0,0,0,137,0.000000,0,-0.000000,0,-22.132936,-126.504219,105.815964,0.000000,56.817864,0.000000
671.7147117,0,0,0,0,0,0,219,0,0,0,0,0,0,137,0.000000,0,-0.000000,0,-23.604067,-126.126076,105.669044,0.000000,56.817864,0.000000
671.7297541,0,0,0,0,0,0,219,0,0,0,0,0,0,137,0.000000,0,-0.000000,0,-23.604067,-126.126076,105.669044,0.000000,57.347226,0.000000
671.9225091,0,0,0,0,0,0,219,0,0,0,0,0,0,137,0.000000,0,-0.000000,0,-23.604067,-126.126076,105.669044,0.000000,57.347226,0.000000
671.9706426,0,0,0,0,0,0,219,0,0,0,0,0,0,137,0.000000,0,-0.000000,0,-24.343605,-125.932686,105.590446,0.000000,57.347226,0.000000
671.9857517,0,0,0,0,0,0,219,0,0,0,0,0,0,137,0.000000,0,-0.000000,0,-24.343605,-125.932686,105.590446,0.000000,57.246395,0.000000
672.1613279,0,0,0,0,0,0,219,0,0,0,0,0,0,142,0.000000,0,-0.000000,0,-24.343605,-125.932686,105.590446,0.000000,57.246395,0.000000
672.1773314,0,0,0,0,0,0,219,0,0,0,0,0,0,142,0.000000,0,-0.000000,0,-24.343605,-125.932686,105.590446,0.000000,57.246395,0.000000
672.2104225,0,0,0,0,0,0,219,0,0,0,0,0,0,142,0.000000,0,-0.000000,0,-22.811192,-126.594955,90.535461,0.000000,57.246395,0.000000
672.2254665,0,0,0,0,0,0,219,0,0,0,0,0,0,142,0.000000,0,-0.000000,0,-22.811192,-126.594955,90.535461,0.000000,56.969113,0.000000
672.4343665,0,0,0,0,0,0,219,0,0,0,0,0,0,142,0.000000,0,-0.000000,0,-22.811192,-126.594955,90.535461,0.000000,56.969113,0.000000
672.4494088,0,0,0,0,0,0,219,0,0,0,0,0,0,142,0.000000,0,-0.000000,0,-18.147356,-134.175049,32.097843,0.000000,56.969113,0.000000
672.4820729,0,0,0,0,0,0,219,0,0,0,0,0,0,142,0.000000,0,-0.000000,0,-18.147356,-134.175049,32.097843,0.000000,57.473264,0.000000
672.6569056,0,0,0,0,0,0,218,0,0,0,0,0,0,133,0.000000,0,-0.000000,0,-18.147356,-134.175049,32.097843,0.000000,57.473264,0.000000
672.6729526,0,0,0,0,0,0,218,0,0,0,0,0,0,133,0.000000,0,-0.000000,0,-18.147356,-134.175049,32.097843,0.000000,57.473264,0.000000
672.89694,0,0,0,0,0,0,220,0,0,0,0,0,0,133,0.000000,0,-0.000000,0,-18.147356,-134.175049,32.097843,0.000000,57.473264,0.000000
672.9126512,0,0,0,0,0,0,220,0,0,0,0,0,0,133,0.000000,0,-0.000000,0,-18.147356,-134.175049,32.097843,0.000000,57.473264,0.000000
672.9461543,0,0,0,0,0,0,220,0,0,0,0,0,0,133,0.000000,0,-0.000000,0,9,-133.791946,31.974232,0.000000,57.473264,0.000000
672.9779982,0,0,0,0,0,0,220,0,0,0,0,0,0,133,0.000000,0,-0.000000,0,9,-133.791946,31.974232,0.000000,57.095151,0.000000
673.1383622,0,0,0,0,0,0,222,0,0,0,0,0,0,132,0.000000,0,-0.000000,0,9,-133.791946,31.974232,0.000000,57.095151,0.000000
673.1684453,0,0,0,0,0,0,222,0,0,0,0,0,0,132,0.000000,0,-0.000000,0,9,-133.791946,31.974232,0.000000,57.095151,0.000000
673.1845263,0,0,0,0,0,0,222,0,0,0,0,0,0,132,0.000000,0,-0.000000,0,-20.187595,-133.596878,31.908070,0.000000,57.095151,0.000000
673.2175664,0,0,0,0,0,0,222,0,0,0,0,0,0,132,0.000000,0,-0.000000,0,-20.187595,-133.596878,31.908070,0.000000,57.019527,0.000000
673.3934129,0,0,0,0,0,0,220,0,0,0,0,0,0,133,0.000000,0,-0.000000,0,-20.187595,-133.596878,31.908070,0.000000,57.019527,0.000000
673.4090253,0,0,0,0,0,0,220,0,0,0,0,0,0,133,0.000000,0,-0.000000,0,-20.187595,-133.596878,31.908070,0.000000,57.019527,0.000000
673.4416605,0,0,0,0,0,0,220,0,0,0,0,0,0,133,0.000000,0,-0.000000,0,3,-133.399429,31.838781,0.000000,57.019527,0.000000
673.4567234,0,0,0,0,0,0,220,0,0,0,0,0,0,133,0.000000,0,-0.000000,0,3,-133.399429,31.838781,0.000000,57.548885,0.000000
673.6341497,0,0,0,0,0,0,220,0,0,0,0,0,0,139,0.000000,0,-0.000000,0,3,-133.399429,31.838781,0.000000,57.548885,0.000000
673.6984091,0,0,0,0,0,0,220,0,0,0,0,0,0,139,0.000000,0,-0.000000,0,3,-133.399429,31.838781,0.000000,55.759148,0.000000
673.888057,0,0,0,0,0,0,220,0,0,0,0,0,0,133,0.000000,0,-0.000000,0,3,-133.399429,31.838781,0.000000,55.759148,0.000000
673.9517705,0,0,0,0,0,0,220,0,0,0,0,0,0,133,0.000000,0,-0.000000,0,3,-133.399429,31.838781,0.000000,57.397640,0.000000
674.1304906,0,0,0,0,0,0,0,134,32,48,46,48,48,48,0.000000,0,-0.000000,0,3,-133.399429,31.838781,0.000000,57.397640,0.000000
674.1442431,0,0,0,0,0,0,0,134,32,48,46,48,48,48,0.000000,0,0.000000,-48,3,-133.399429,31.838781,0.000000,57.397640,0.000000
674.448919,0,0,0,0,0,0,220,0,0,0,0,0,0,137,0.000000,0,0.000000,-48,3,-133.399429,31.838781,0.000000,57.397640,0.000000
674.4807933,0,0,0,0,0,0,220,0,0,0,0,0,0,137,0.000000,176,0.000000,-48,3,-133.399429,31.838781,0.000000,57.397640,0.000000
674.4963555,0,0,0,0,0,0,220,0,0,0,0,0,0,137,0.000000,176,0.000000,-48,-24.645578,-138.798141,-43.079803,0.000000,57.397640,0.000000
674.5114386,0,0,0,0,0,0,220,0,0,0,0,0,0,137,0.000000,176,0.000000,-48,-24.645578,-138.798141,-43.079803,0.000000,55.305410,0.000000
674.7039925,0,0,0,0,0,0,220,0,0,0,0,0,0,130,0.000000,176,0.000000,-48,-24.645578,-138.798141,-43.079803,0.000000,55.305410,0.000000
674.7199984,0,0,0,0,0,0,220,0,0,0,0,0,0,130,0.000000,0,-0.000000,0,-24.645578,-138.798141,-43.079803,0.000000,55.305410,0.000000
674.7360403,0,0,0,0,0,0,220,0,0,0,0,0,0,130,0.000000,0,-0.000000,0,-25.307993,-138.568680,-43.176712,0.000000,55.305410,0.000000
674.7690702,0,0,0,0,0,0,220,0,0,0,0,0,0,130,0.000000,0,-0.000000,0,-25.307993,-138.568680,-43.176712,0.000000,57.195978,0.000000
674.9441601,0,0,0,0,0,0,220,0,0,0,0,0,0,130,0.000000,0,-0.000000,0,-25.307993,-138.568680,-43.176712,0.000000,57.195978,0.000000
674.9606108,0,0,0,0,0,0,220,0,0,0,0,0,0,130,0.000000,0,-0.000000,0,-25.307993,-138.568680,-43.176712,0.000000,57.195978,0.000000
674.9925535,0,0,0,0,0,0,220,0,0,0,0,0,0,130,0.000000,0,-0.000000,0,-25.972727,-138.335785,-43.277485,0.000000,57.195978,0.000000
675.0076942,0,0,0,0,0,0,220,0,0,0,0,0,0,130,0.000000,0,-0.000000,0,-25.972727,-138.335785,-43.277485,0.000000,57.120358,0.000000
675.1990136,0,0,0,0,0,0,220,0,0,0,0,0,0,140,0.000000,0,-0.000000,0,-25.972727,-138.335785,-43.277485,0.000000,57.120358,0.000000
675.2150566,0,0,0,0,0,0,220,0,0,0,0,0,0,140,0.000000,0,-0.000000,0,-25.972727,-138.335785,-43.277485,0.000000,57.120358,0.000000
675.2311403,0,0,0,0,0,0,220,0,0,0,0,0,0,140,0.000000,0,-0.000000,0,-26.639351,-138.099365,-43.382278,0.000000,57.120358,0.000000
675.2637187,0,0,0,0,0,0,220,0,0,0,0,0,0,140,0.000000,0,-0.000000,0,-26.639351,-138.099365,-43.382278,0.000000,57.120358,0.000000
675.4386995,0,0,0,0,0,0,218,0,0,0,0,0,0,135,0.000000,0,-0.000000,0,-26.639351,-138.099365,-43.382278,0.000000,57.120358,0.000000
675.4547809,0,0,0,0,0,0,218,0,0,0,0,0,0,135,0.000000,0,-0.000000,0,-26.639351,-138.099365,-43.382278,0.000000,57.120358,0.000000
675.4881371,0,0,0,0,0,0,218,0,0,0,0,0,0,135,0.000000,0,-0.000000,0,-27.307953,-137.859314,-43.491192,0.000000,57.120358,0.000000
675.5031778,0,0,0,0,0,0,218,0,0,0,0,0,0,135,0.000000,0,-0.000000,0,-27.307953,-137.859314,-43.491192,0.000000,57.271602,0.000000
675.6794885,0,0,0,0,0,0,219,0,0,0,0,0,0,137,0.000000,0,-0.000000,0,-27.307953,-137.859314,-43.491192,0.000000,57.271602,0.000000
675.6978446,0,0,0,0,0,0,219,0,0,0,0,0,0,137,0.000000,0,-0.000000,0,-27.307953,-137.859314,-43.491192,0.000000,57.271602,0.000000
675.7439277,0,0,0,0,0,0,219,0,0,0,0,0,0,137,0.000000,0,-0.000000,0,-27.307953,-137.859314,-43.491192,0.000000,56.767451,0.000000
675.9356686,0,0,0,0,0,0,219,0,0,0,0,0,0,138,0.000000,0,-0.000000,0,-27.307953,-137.859314,-43.491192,0.000000,56.767451,0.000000
675.9512083,0,0,0,0,0,0,219,0,0,0,0,0,0,138,0.000000,0,-0.000000,0,-27.307953,-137.859314,-43.491192,0.000000,56.767451,0.000000
675.9680198,0,0,0,0,0,0,219,0,0,0,0,0,0,138,0.000000,0,-0.000000,0,-28.903856,-136.915161,-54.042763,0.000000,56.767451,0.000000
676.0000837,0,0,0,0,0,0,219,0,0,0,0,0,0,138,0.000000,0,-0.000000,0,-28.903856,-136.915161,-54.042763,0.000000,56.843075,0.000000
676.1751744,0,0,0,0,0,0,219,0,0,0,0,0,0,144,0.000000,0,-0.000000,0,-28.903856,-136.915161,-54.042763,0.000000,56.843075,0.000000
676.1911732,0,0,0,0,0,0,219,0,0,0,0,0,0,144,0.000000,0,-0.000000,0,-28.903856,-136.915161,-54.042763,0.000000,56.843075,0.000000
676.2230171,0,0,0,0,0,0,219,0,0,0,0,0,0,144,0.000000,0,-0.000000,0,-29.607920,-134.080688,-101.893478,0.000000,56.843075,0.000000
676.2386643,0,0,0,0,0,0,219,0,0,0,0,0,0,144,0.000000,0,-0.000000,0,-29.607920,-134.080688,-101.893478,0.000000,57.195978,0.000000
676.4144068,0,0,0,0,0,0,219,0,0,0,0,0,0,135,0.000000,0,-0.000000,0,-29.607920,-134.080688,-101.893478,0.000000,57.195978,0.000000
676.4308094,0,0,0,0,0,0,219,0,0,0,0,0,0,135,0.000000,0,-0.000000,0,-29.607920,-134.080688,-101.893478,0.000000,57.195978,0.000000
676.4628946,0,0,0,0,0,0,219,0,0,0,0,0,0,135,0.000000,0,-0.000000,0,-30.301641,-133.829346,-102.018990,0.000000,57.195978,0.000000
676.6712511,0,0,0,0,0,0,220,0,0,0,0,0,0,137,0.000000,0,-0.000000,0,-30.301641,-133.829346,-102.018990,0.000000,57.195978,0.000000
676.6862918,0,0,0,0,0,0,220,0,0,0,0,0,0,137,0.000000,0,-0.000000,0,-30.301641,-133.829346,-102.018990,0.000000,57.195978,0.000000
676.719153,0,0,0,0,0,0,220,0,0,0,0,0,0,137,0.000000,0,-0.000000,0,-30.997452,-133.573441,-102.149345,0.000000,57.195978,0.000000
676.7342254,0,0,0,0,0,0,220,0,0,0,0,0,0,137,0.000000,0,-0.000000,0,-30.997452,-133.573441,-102.149345,0.000000,57.448054,0.000000
676.910807,0,0,0,0,0,0,219,0,0,0,0,0,0,132,0.000000,0,-0.000000,0,-30.997452,-133.573441,-102.149345,0.000000,57.448054,0.000000
676.9268497,0,0,0,0,0,0,219,0,0,0,0,0,0,132,0.000000,0,-0.000000,0,-30.997452,-133.573441,-102.149345,0.000000,57.448054,0.000000
676.9579742,0,0,0,0,0,0,219,0,0,0,0,0,0,132,0.000000,0,-0.000000,0,-31.695217,-133.312820,-102.284889,0.000000,57.448054,0.000000
676.9739911,0,0,0,0,0,0,219,0,0,0,0,0,0,132,0.000000,0,-0.000000,0,-31.695217,-133.312820,-102.284889,0.000000,56.868282,0.000000
677.1498028,0,0,0,0,0,0,219,0,0,0,0,0,0,138,0.000000,0,-0.000000,0,-31.695217,-133.312820,-102.284889,0.000000,56.868282,0.000000
677.1824127,0,0,0,0,0,0,219,0,0,0,0,0,0,138,0.000000,0,-0.000000,0,-31.695217,-133.312820,-102.284889,0.000000,56.868282,0.000000
677.2307196,0,0,0,0,0,0,219,0,0,0,0,0,0,138,0.000000,0,-0.000000,0,-31.695217,-133.312820,-102.284889,0.000000,57.271602,0.000000
677.4064412,0,0,0,0,0,0,220,0,0,0,0,0,0,135,0.000000,0,-0.000000,0,-31.695217,-133.312820,-102.284889,0.000000,57.271602,0.000000
677.4224882,0,0,0,0,0,0,220,0,0,0,0,0,0,135,0.000000,0,-0.000000,0,-31.695217,-133.312820,-102.284889,0.000000,57.271602,0.000000
677.4544506,0,0,0,0,0,0,220,0,0,0,0,0,0,135,0.000000,0,-0.000000,0,-33.096584,-132.776657,-102.572159,0.000000,57.271602,0.000000
677.469551,0,0,0,0,0,0,220,0,0,0,0,0,0,135,0.000000,0,-0.000000,0,-33.096584,-132.776657,-102.572159,0.000000,57.246395,0.000000
677.6456404,0,0,0,0,0,0,220,0,0,0,0,0,0,142,0.000000,0,-0.000000,0,-33.096584,-132.776657,-102.572159,0.000000,57.246395,0.000000
677.6616843,0,0,0,0,0,0,220,0,0,0,0,0,0,142,0.000000,0,-0.000000,0,-33.096584,-132.776657,-102.572159,0.000000,57.246395,0.000000
677.6937699,0,0,0,0,0,0,220,0,0,0,0,0,0,142,0.000000,0,-0.000000,0,-33.800140,-132.500656,-102.724274,0.000000,57.246395,0.000000
677.709811,0,0,0,0,0,0,220,0,0,0,0,0,0,142,0.000000,0,-0.000000,0,-33.800140,-132.500656,-102.724274,0.000000,57.372433,0.000000
677.9188181,0,0,0,0,0,0,220,0,0,0,0,0,0,142,0.000000,0,-0.000000,0,-33.800140,-132.500656,-102.724274,0.000000,57.372433,0.000000
677.9338782,0,0,0,0,0,0,220,0,0,0,0,0,0,142,0.000000,0,-0.000000,0,-34.506714,-132.218658,-102.882561,0.000000,57.372433,0.000000
677.9666521,0,0,0,0,0,0,220,0,0,0,0,0,0,142,0.000000,0,-0.000000,0,-34.506714,-132.218658,-102.882561,0.000000,57.221189,0.000000
678.1427118,0,0,0,0,0,0,220,0,0,0,0,0,0,138,0.000000,0,-0.000000,0,-34.506714,-132.218658,-102.882561,0.000000,57.221189,0.000000
678.157753,0,0,0,0,0,0,220,0,0,0,0,0,0,138,0.000000,0,-0.000000,0,-34.506714,-132.218658,-102.882561,0.000000,57.221189,0.000000
678.1901279,0,0,0,0,0,0,220,0,0,0,0,0,0,138,0.000000,0,-0.000000,0,-35.212879,-131.931671,-103.046631,0.000000,57.221189,0.000000
678.3838176,0,0,0,0,0,0,220,0,0,0,0,0,0,135,0.000000,0,-0.000000,0,-35.212879,-131.931671,-103.046631,0.000000,57.221189,0.000000
678.4128993,0,0,0,0,0,0,220,0,0,0,0,0,0,135,0.000000,0,-0.000000,0,-35.212879,-131.931671,-103.046631,0.000000,57.221189,0.000000
678.4610671,0,0,0,0,0,0,220,0,0,0,0,0,0,135,0.000000,0,-0.000000,0,-35.212879,-131.931671,-103.046631,0.000000,56.767451,0.000000
678.6377321,0,0,0,0,0,0,219,0,0,0,0,0,0,130,0.000000,0,-0.000000,0,-35.212879,-131.931671,-103.046631,0.000000,56.767451,0.000000
678.6537842,0,0,0,0,0,0,219,0,0,0,0,0,0,130,0.000000,0,-0.000000,0,-35.212879,-131.931671,-103.046631,0.000000,56.767451,0.000000
678.7017087,0,0,0,0,0,0,219,0,0,0,0,0,0,130,0.000000,0,-0.000000,0,-35.212879,-131.931671,-103.046631,0.000000,57.574092,0.000000
678.8770518,0,0,0,0,0,0,220,0,0,0,0,0,0,130,0.000000,0,-0.000000,0,-35.212879,-131.931671,-103.046631,0.000000,57.574092,0.000000
678.8930937,0,0,0,0,0,0,220,0,0,0,0,0,0,130,0.000000,0,-0.000000,0,-35.212879,-131.931671,-103.046631,0.000000,57.574092,0.000000
679.0051314,0,0,0,0,0,0,220,0,0,0,0,0,0,130,0.000000,0,-0.000000,0,-35.212879,-131.931671,-103.046631,0.000000,57.473264,0.000000
679.2126013,0,0,0,0,0,0,222,0,0,0,0,0,0,128,0.000000,0,-0.000000,0,-35.212879,-131.931671,-103.046631,0.000000,57.473264,0.000000
679.2286033,0,0,0,0,0,0,222,0,0,0,0,0,0,128,0.000000,0,-0.000000,0,-35.212879,-131.931671,-103.046631,0.000000,57.473264,0.000000
679.2606885,0,0,0,0,0,0,222,0,0,0,0,0,0,128,0.000000,0,-0.000000,0,-38.107189,-130.697067,-103.784096,0.000000,57.473264,0.000000
679.2931535,0,0,0,0,0,0,222,0,0,0,0,0,0,128,0.000000,0,-0.000000,0,-38.107189,-130.697067,-103.784096,0.000000,59.162170,0.000000
679.468286,0,0,0,0,0,0,222,0,0,0,0,0,0,133,0.000000,0,-0.000000,0,-38.107189,-130.697067,-103.784096,0.000000,59.162170,0.000000
679.4694376,0,0,0,0,0,0,222,0,0,0,0,0,0,133,0.000000,0,-0.000000,0,-38.107189,-130.697067,-103.784096,0.000000,59.162170,0.000000
679.5013854,0,0,0,0,0,0,222,0,0,0,0,0,0,133,0.000000,0,-0.000000,0,-38.823399,-130.375641,-103.984116,0.000000,59.162170,0.000000
679.5325072,0,0,0,0,0,0,222,0,0,0,0,0,0,133,0.000000,0,-0.000000,0,-38.823399,-130.375641,-103.984116,0.000000,57.347226,0.000000
679.7236061,0,0,0,0,0,0,222,0,0,0,0,0,0,133,0.000000,0,-0.000000,0,-38.823399,-130.375641,-103.984116,0.000000,57.347226,0.000000
679.7568545,0,0,0,0,0,0,222,0,0,0,0,0,0,133,0.000000,0,-0.000000,0,-39.541252,-13,-104.192101,0.000000,57.347226,0.000000
679.773901,0,0,0,0,0,0,222,0,0,0,0,0,0,133,0.000000,0,-0.000000,0,-39.541252,-13,-104.192101,0.000000,56.515375,0.000000
679.9480277,0,0,0,0,0,0,219,0,0,0,0,0,0,133,0.000000,0,-0.000000,0,-39.541252,-13,-104.192101,0.000000,56.515375,0.000000
679.9641095,0,0,0,0,0,0,219,0,0,0,0,0,0,133,0.000000,0,-0.000000,0,-39.541252,-13,-104.192101,0.000000,56.515375,0.000000
679.9961955,0,0,0,0,0,0,219,0,0,0,0,0,0,133,0.000000,0,-0.000000,0,-40.260738,-129.709351,-104.408401,0.000000,56.515375,0.000000
680.0121987,0,0,0,0,0,0,219,0,0,0,0,0,0,133,0.000000,0,-0.000000,0,-40.260738,-129.709351,-104.408401,0.000000,57.145564,0.000000
680.1876216,0,0,0,0,0,0,220,0,0,0,0,0,0,133,0.000000,0,-0.000000,0,-40.260738,-129.709351,-104.408401,0.000000,57.145564,0.000000
680.2193379,0,0,0,0,0,0,220,0,0,0,0,0,0,133,0.000000,0,-0.000000,0,-40.260738,-129.709351,-104.408401,0.000000,57.145564,0.000000
680.2683796,0,0,0,0,0,0,220,0,0,0,0,0,0,133,0.000000,0,-0.000000,0,-40.260738,-129.709351,-104.408401,0.000000,57.271602,0.000000
680.4442983,0,0,0,0,0,0,218,0,0,0,0,0,0,133,0.000000,0,-0.000000,0,-40.260738,-129.709351,-104.408401,0.000000,57.271602,0.000000
680.4600016,0,0,0,0,0,0,218,0,0,0,0,0,0,133,0.000000,0,-0.000000,0,-40.260738,-129.709351,-104.408401,0.000000,57.271602,0.000000
680.4926107,0,0,0,0,0,0,218,0,0,0,0,0,0,133,0.000000,0,-0.000000,0,-41.705582,-129.008499,-104.868004,0.000000,57.271602,0.000000
680.507676,0,0,0,0,0,0,218,0,0,0,0,0,0,133,0.000000,0,-0.000000,0,-41.705582,-129.008499,-104.868004,0.000000,57.548885,0.000000
680.6829788,0,0,0,0,0,0,219,0,0,0,0,0,0,133,0.000000,0,-0.000000,0,-41.705582,-129.008499,-104.868004,0.000000,57.548885,0.000000
680.699061,0,0,0,0,0,0,219,0,0,0,0,0,0,133,0.000000,0,-0.000000,0,-41.705582,-129.008499,-104.868004,0.000000,57.548885,0.000000
680.7320273,0,0,0,0,0,0,219,0,0,0,0,0,0,133,0.000000,0,-0.000000,0,-42.428524,-128.645035,-105.111511,0.000000,57.548885,0.000000
680.7640829,0,0,0,0,0,0,219,0,0,0,0,0,0,133,0.000000,0,-0.000000,0,-42.428524,-128.645035,-105.111511,0.000000,57.246395,0.000000
680.9396943,0,0,0,0,0,0,220,0,0,0,0,0,0,133,0.000000,0,-0.000000,0,-42.428524,-128.645035,-105.111511,0.000000,57.246395,0.000000
680.9560664,0,0,0,0,0,0,220,0,0,0,0,0,0,133,0.000000,0,-0.000000,0,-42.428524,-128.645035,-105.111511,0.000000,57.246395,0.000000
680.9875184,0,0,0,0,0,0,220,0,0,0,0,0,0,133,0.000000,0,-0.000000,0,-43.153969,-128.271271,-105.365387,0.000000,57.246395,0.000000
681.0032035,0,0,0,0,0,0,220,0,0,0,0,0,0,133,0.000000,0,-0.000000,0,-43.153969,-128.271271,-105.365387,0.000000,57.397640,0.000000
681.1806784,0,0,0,0,0,0,218,0,0,0,0,0,0,133,0.000000,0,-0.000000,0,-43.153969,-128.271271,-105.365387,0.000000,57.397640,0.000000
681.211908,0,0,0,0,0,0,218,0,0,0,0,0,0,133,0.000000,0,-0.000000,0,-43.153969,-128.271271,-105.365387,0.000000,57.397640,0.000000
681.2269756,0,0,0,0,0,0,218,0,0,0,0,0,0,133,0.000000,0,-0.000000,0,-43.880760,-127.887169,-105.629799,0.000000,57.397640,0.000000
681.2430183,0,0,0,0,0,0,218,0,0,0,0,0,0,133,0.000000,0,-0.000000,0,-43.880760,-127.887169,-105.629799,0.000000,57.145564,0.000000
681.4353103,0,0,0,0,0,0,218,0,0,0,0,0,0,133,0.000000,0,-0.000000,0,-43.880760,-127.887169,-105.629799,0.000000,57.145564,0.000000
681.4992695,0,0,0,0,0,0,218,0,0,0,0,0,0,133,0.000000,0,-0.000000,0,-43.880760,-127.887169,-105.629799,0.000000,57.649716,0.000000
681.6934227,0,0,0,0,0,0,218,0,0,0,0,0,0,133,0.000000,0,0.000000,-48,-43.880760,-127.887169,-105.629799,0.000000,57.649716,0.000000
681.9320064,0,0,0,0,0,0,218,0,0,0,0,0,0,133,0.000000,0,-0.000000,0,-43.880760,-127.887169,-105.629799,0.000000,57.649716,0.000000
681.9970678,0,0,0,0,0,0,218,0,0,0,0,0,0,133,0.000000,0,-0.000000,0,-43.880760,-127.887169,-105.629799,0.000000,57.069940,0.000000
682.1712021,0,0,0,0,0,0,220,0,0,0,0,0,0,137,0.000000,0,-0.000000,0,-43.880760,-127.887169,-105.629799,0.000000,57.069940,0.000000
682.1862851,0,0,0,0,0,0,220,0,0,0,0,0,0,137,0.000000,0,-0.000000,0,-43.880760,-127.887169,-105.629799,0.000000,57.069940,0.000000
682.2022681,0,0,0,0,0,0,220,0,0,0,0,0,0,137,0.000000,0,-0.000000,0,-46.799801,-126.235779,-106.804703,0.000000,57.069940,0.000000
682.2352818,0,0,0,0,0,0,220,0,0,0,0,0,0,137,0.000000,0,-0.000000,0,-46.799801,-126.235779,-106.804703,0.000000,56.338924,0.000000
682.4099896,0,0,0,0,0,0,222,0,0,0,0,0,0,135,0.000000,0,-0.000000,0,-46.799801,-126.235779,-106.804703,0.000000,56.338924,0.000000
682.4741203,0,0,0,0,0,0,222,0,0,0,0,0,0,135,0.000000,0,-0.000000,0,-46.799801,-126.235779,-106.804703,0.000000,56.843075,0.000000
682.650235,0,0,0,0,0,0,222,0,0,0,0,0,0,137,0.000000,0,-0.000000,0,-46.799801,-126.235779,-106.804703,0.000000,56.843075,0.000000
682.6823191,0,0,0,0,0,0,222,0,0,0,0,0,0,137,0.000000,0,-0.000000,0,-46.799801,-126.235779,-106.804703,0.000000,56.843075,0.000000
682.7294436,0,0,0,0,0,0,222,0,0,0,0,0,0,137,0.000000,0,-0.000000,0,-46.799801,-126.235779,-106.804703,0.000000,56.691827,0.000000
682.9228137,0,0,0,0,0,0,222,0,0,0,0,0,0,137,0.000000,0,-0.000000,0,-46.799801,-126.235779,-106.804703,0.000000,56.691827,0.000000
682.9705225,0,0,0,0,0,0,222,0,0,0,0,0,0,137,0.000000,0,-0.000000,0,-46.799801,-126.235779,-106.804703,0.000000,57.422847,0.000000
683.161866,0,0,0,0,0,0,222,0,0,0,0,0,0,137,0.000000,0,-0.000000,0,-46.799801,-126.235779,-106.804703,0.000000,57.422847,0.000000
683.4040606,0,0,0,0,0,0,220,0,0,0,0,0,0,137,0.000000,0,-0.000000,0,-46.799801,-126.235779,-106.804703,0.000000,57.422847,0.000000
683.4170984,0,0,0,0,0,0,220,0,0,0,0,0,0,137,0.000000,0,-0.000000,0,-46.799801,-126.235779,-106.804703,0.000000,57.422847,0.000000
683.4348248,0,0,0,0,0,0,220,0,0,0,0,0,0,137,0.000000,0,-0.000000,0,-50.468838,-123.859917,-108.588837,0.000000,57.422847,0.000000
683.4659651,0,0,0,0,0,0,220,0,0,0,0,0,0,137,0.000000,0,-0.000000,0,-50.468838,-123.859917,-108.588837,0.000000,57.347226,0.000000
683.6409732,0,0,0,0,0,0,219,0,0,0,0,0,0,134,0.000000,0,-0.000000,0,-50.468838,-123.859917,-108.588837,0.000000,57.347226,0.000000
683.7377876,0,0,0,0,0,0,219,0,0,0,0,0,0,134,0.000000,0,-0.000000,0,-51.204212,-123.334877,-108.995964,0.000000,57.347226,0.000000
683.9934542,0,0,0,0,0,0,219,0,0,0,0,0,0,134,0.000000,0,-0.000000,0,-51.204212,-123.334877,-108.995964,0.000000,57.347226,0.000000
684.0255395,0,0,0,0,0,0,219,0,0,0,0,0,0,134,0.000000,0,-0.000000,0,-51.943451,-122.788315,-109.424149,0.000000,57.347226,0.000000
684.2173946,0,0,0,0,0,0,222,0,0,0,0,0,0,134,0.000000,0,-0.000000,0,-51.943451,-122.788315,-109.424149,0.000000,57.347226,0.000000
684.2334404,0,0,0,0,0,0,222,0,0,0,0,0,0,134,0.000000,0,-0.000000,0,-51.943451,-122.788315,-109.424149,0.000000,57.347226,0.000000
684.2657951,0,0,0,0,0,0,222,0,0,0,0,0,0,134,0.000000,0,-0.000000,0,-52.679096,-122.223946,-109.870766,0.000000,57.347226,0.000000
684.2810516,0,0,0,0,0,0,222,0,0,0,0,0,0,134,0.000000,0,-0.000000,0,-52.679096,-122.223946,-109.870766,0.000000,57.548885,0.000000
684.472883,0,0,0,0,0,0,222,0,0,0,0,0,0,138,0.000000,0,-0.000000,0,-52.679096,-122.223946,-109.870766,0.000000,57.548885,0.000000
684.537509,0,0,0,0,0,0,222,0,0,0,0,0,0,138,0.000000,0,-0.000000,0,-52.679096,-122.223946,-109.870766,0.000000,57.397640,0.000000
684.7143084,0,0,0,0,0,0,219,0,0,0,0,0,0,135,0.000000,0,-0.000000,0,-52.679096,-122.223946,-109.870766,0.000000,57.397640,0.000000
684.7295558,0,0,0,0,0,0,219,0,0,0,0,0,0,135,0.000000,0,-0.000000,0,-52.679096,-122.223946,-109.870766,0.000000,57.397640,0.000000
684.7616505,0,0,0,0,0,0,219,0,0,0,0,0,0,135,0.000000,0,-0.000000,0,-54.149769,-121.029785,-110.829712,0.000000,57.397640,0.000000
684.7763191,0,0,0,0,0,0,219,0,0,0,0,0,0,135,0.000000,0,-0.000000,0,-54.149769,-121.029785,-110.829712,0.000000,56.666620,0.000000
684.9525903,0,0,0,0,0,0,219,0,0,0,0,0,0,138,0.000000,0,-0.000000,0,-54.149769,-121.029785,-110.829712,0.000000,56.666620,0.000000
684.9686325,0,0,0,0,0,0,219,0,0,0,0,0,0,138,0.000000,0,-0.000000,0,-54.149769,-121.029785,-110.829712,0.000000,56.666620,0.000000
685.000832,0,0,0,0,0,0,219,0,0,0,0,0,0,138,0.000000,0,-0.000000,0,-54.884365,-120.397087,-111.344925,0.000000,56.666620,0.000000
685.0168782,0,0,0,0,0,0,219,0,0,0,0,0,0,138,0.000000,0,-0.000000,0,-54.884365,-120.397087,-111.344925,0.000000,56.918696,0.000000
685.2086341,0,0,0,0,0,0,222,0,0,0,0,0,0,137,0.000000,0,-0.000000,0,-54.884365,-120.397087,-111.344925,0.000000,56.918696,0.000000
685.2246325,0,0,0,0,0,0,222,0,0,0,0,0,0,137,0.000000,0,-0.000000,0,-54.884365,-120.397087,-111.344925,0.000000,56.918696,0.000000
685.2724151,0,0,0,0,0,0,222,0,0,0,0,0,0,137,0.000000,0,-0.000000,0,-54.884365,-120.397087,-111.344925,0.000000,56.893489,0.000000
685.4511384,0,0,0,0,0,0,218,0,0,0,0,0,0,137,0.000000,0,-0.000000,0,-54.884365,-120.397087,-111.344925,0.000000,56.893489,0.000000
685.4652524,0,0,0,0,0,0,218,0,0,0,0,0,0,137,0.000000,0,-0.000000,0,-54.884365,-120.397087,-111.344925,0.000000,56.893489,0.000000
685.4964492,0,0,0,0,0,0,218,0,0,0,0,0,0,137,0.000000,0,-0.000000,0,-56.351181,-119.052269,-112.454819,0.000000,56.893489,0.000000
685.6890517,0,0,0,0,0,0,218,0,0,0,0,0,0,137,0.000000,0,-0.000000,0,-56.351181,-119.052269,-112.454819,0.000000,56.893489,0.000000
685.7040929,0,0,0,0,0,0,218,0,0,0,0,0,0,137,0.000000,0,-0.000000,0,-56.351181,-119.052269,-112.454819,0.000000,56.893489,0.000000
685.7368636,0,0,0,0,0,0,218,0,0,0,0,0,0,137,0.000000,0,-0.000000,0,-41.416527,-99.788452,-158.721573,0.000000,56.893489,0.000000
685.9442426,0,0,0,0,0,0,219,0,0,0,0,0,0,137,0.000000,0,-0.000000,0,-41.416527,-99.788452,-158.721573,0.000000,56.893489,0.000000
685.96029,0,0,0,0,0,0,219,0,0,0,0,0,0,137,0.000000,0,-0.000000,0,-41.416527,-99.788452,-158.721573,0.000000,56.893489,0.000000
685.9762943,0,0,0,0,0,0,219,0,0,0,0,0,0,137,0.000000,0,-0.000000,0,-25.899563,-98.832451,174.829910,0.000000,56.893489,0.000000
686.008736,0,0,0,0,0,0,219,0,0,0,0,0,0,137,0.000000,0,-0.000000,0,-25.899563,-98.832451,174.829910,0.000000,57.397640,0.000000
686.183865,0,0,0,0,0,0,219,0,0,0,0,0,0,137,0.000000,0,-0.000000,0,-25.899563,-98.832451,174.829910,0.000000,57.397640,0.000000
686.2002825,0,0,0,0,0,0,219,0,0,0,0,0,0,137,0.000000,0,-0.000000,0,-25.899563,-98.832451,174.829910,0.000000,57.397640,0.000000
686.2313647,0,0,0,0,0,0,219,0,0,0,0,0,0,137,0.000000,0,-0.000000,0,-26.900045,-98.788696,174.810440,0.000000,57.397640,0.000000
686.2640505,0,0,0,0,0,0,219,0,0,0,0,0,0,137,0.000000,0,-0.000000,0,-26.900045,-98.788696,174.810440,0.000000,56.691827,0.000000
686.4407226,0,0,0,0,0,0,218,0,0,0,0,0,0,140,0.000000,0,-0.000000,0,-26.900045,-98.788696,174.810440,0.000000,56.691827,0.000000
686.4557468,0,0,0,0,0,0,218,0,0,0,0,0,0,140,0.000000,0,-0.000000,0,-26.900045,-98.788696,174.810440,0.000000,56.691827,0.000000
686.5038538,0,0,0,0,0,0,218,0,0,0,0,0,0,140,0.000000,0,-0.000000,0,-26.900045,-98.788696,174.810440,0.000000,57.120358,0.000000
686.6796196,0,0,0,0,0,0,219,0,0,0,0,0,0,135,0.000000,0,-0.000000,0,-26.900045,-98.788696,174.810440,0.000000,57.120358,0.000000
686.6957038,0,0,0,0,0,0,219,0,0,0,0,0,0,135,0.000000,0,-0.000000,0,-26.900045,-98.788696,174.810440,0.000000,57.120358,0.000000
686.7438001,0,0,0,0,0,0,219,0,0,0,0,0,0,135,0.000000,0,-0.000000,0,-26.900045,-98.788696,174.810440,0.000000,57.044733,0.000000
686.9360491,0,0,0,0,0,0,220,0,0,0,0,0,0,134,0.000000,0,-0.000000,0,-26.900045,-98.788696,174.810440,0.000000,57.044733,0.000000
686.9360491,0,0,0,0,0,0,220,0,0,0,0,0,0,134,0.000000,0,-0.000000,0,-26.900045,-98.788696,174.810440,0.000000,57.044733,0.000000
686.9994761,0,0,0,0,0,0,220,0,0,0,0,0,0,134,0.000000,0,-0.000000,0,-26.900045,-98.788696,174.810440,0.000000,57.523678,0.000000
687.1749706,0,0,0,0,0,0,220,0,0,0,0,0,0,137,0.000000,0,-0.000000,0,-26.900045,-98.788696,174.810440,0.000000,57.523678,0.000000
687.1910144,0,0,0,0,0,0,220,0,0,0,0,0,0,137,0.000000,0,-0.000000,0,-26.900045,-98.788696,174.810440,0.000000,57.523678,0.000000
687.2074462,0,0,0,0,0,0,220,0,0,0,0,0,0,137,0.000000,0,-0.000000,0,-30.943808,-98.603432,174.720764,0.000000,57.523678,0.000000
687.2391427,0,0,0,0,0,0,220,0,0,0,0,0,0,137,0.000000,0,-0.000000,0,-30.943808,-98.603432,174.720764,0.000000,57.195978,0.000000
687.4154838,0,0,0,0,0,0,220,0,0,0,0,0,0,133,0.000000,0,-0.000000,0,-30.943808,-98.603432,174.720764,0.000000,57.195978,0.000000
687.4305344,0,0,0,0,0,0,220,0,0,0,0,0,0,133,0.000000,0,-0.000000,0,-30.943808,-98.603432,174.720764,0.000000,57.195978,0.000000
687.4786536,0,0,0,0,0,0,220,0,0,0,0,0,0,133,0.000000,0,-0.000000,0,-30.943808,-98.603432,174.720764,0.000000,57.145564,0.000000
687.6712317,0,0,0,0,0,0,220,0,0,0,0,0,0,133,0.000000,0,-0.000000,0,-30.943808,-98.603432,174.720764,0.000000,57.145564,0.000000
687.6869271,0,0,0,0,0,0,220,0,0,0,0,0,0,133,0.000000,0,-0.000000,0,-30.943808,-98.603432,174.720764,0.000000,57.145564,0.000000
687.7026584,0,0,0,0,0,0,220,0,0,0,0,0,0,133,0.000000,0,-0.000000,0,-32.990314,-98.503647,174.667908,0.000000,57.145564,0.000000
687.7361086,0,0,0,0,0,0,220,0,0,0,0,0,0,133,0.000000,0,-0.000000,0,-32.990314,-98.503647,174.667908,0.000000,57.170771,0.000000
687.9115442,0,0,0,0,0,0,219,0,0,0,0,0,0,137,0.000000,0,-0.000000,0,-32.990314,-98.503647,174.667908,0.000000,57.170771,0.000000
687.9760996,0,0,0,0,0,0,219,0,0,0,0,0,0,137,0.000000,0,-0.000000,0,-32.990314,-98.503647,174.667908,0.000000,56.086848,0.000000
688.1525532,0,0,0,0,0,0,220,0,0,0,0,0,0,137,0.000000,0,-0.000000,0,-32.990314,-98.503647,174.667908,0.000000,56.086848,0.000000
688.1665929,0,0,0,0,0,0,220,0,0,0,0,0,0,137,0.000000,0,-0.000000,0,-32.990314,-98.503647,174.667908,0.000000,56.086848,0.000000
688.1996113,0,0,0,0,0,0,220,0,0,0,0,0,0,137,0.000000,0,-0.000000,0,-35.052814,-98.398376,174.608978,0.000000,56.086848,0.000000
688.2146537,0,0,0,0,0,0,220,0,0,0,0,0,0,137,0.000000,0,-0.000000,0,-35.052814,-98.398376,174.608978,0.000000,56.893489,0.000000
688.4702357,0,0,0,0,0,0,220,0,0,0,0,0,0,137,0.000000,0,-0.000000,0,-35.052814,-98.398376,174.608978,0.000000,56.893489,0.000000
688.5191881,0,0,0,0,0,0,220,0,0,0,0,0,0,137,0.000000,0,-0.000000,0,-36.091587,0,174.576904,0.000000,56.893489,0.000000
688.5342344,0,0,0,0,0,0,220,0,0,0,0,0,0,137,0.000000,0,-0.000000,0,-36.091587,0,174.576904,0.000000,57.296809,0.000000
688.7424126,0,0,0,0,0,0,220,0,0,0,0,0,0,137,0.000000,0,-0.000000,0,-36.091587,0,174.576904,0.000000,57.296809,0.000000
688.7584545,0,0,0,0,0,0,220,0,0,0,0,0,0,137,0.000000,0,-0.000000,0,-37.137779,-98.286308,174.542938,0.000000,57.296809,0.000000
688.7902802,0,0,0,0,0,0,220,0,0,0,0,0,0,137,0.000000,0,-0.000000,0,-37.137779,-98.286308,174.542938,0.000000,57.195978,0.000000
688.9824352,0,0,0,0,0,0,220,0,0,0,0,0,0,137,0.000000,0,-0.000000,0,-37.137779,-98.286308,174.542938,0.000000,57.195978,0.000000
689.014253,0,0,0,0,0,0,220,0,0,0,0,0,0,137,0.000000,0,-0.000000,0,-38.199333,-98.226898,174.506592,0.000000,57.195978,0.000000
689.2220666,0,0,0,0,0,0,222,0,0,0,0,0,0,138,0.000000,0,-0.000000,0,-38.199333,-98.226898,174.506592,0.000000,57.195978,0.000000
689.238112,0,0,0,0,0,0,222,0,0,0,0,0,0,138,0.000000,0,-0.000000,0,-38.199333,-98.226898,174.506592,0.000000,57.195978,0.000000
689.2541669,0,0,0,0,0,0,222,0,0,0,0,0,0,138,0.000000,0,-0.000000,0,-39.248016,-98.166428,174.468765,0.000000,57.195978,0.000000
689.2862747,0,0,0,0,0,0,222,0,0,0,0,0,0,138,0.000000,0,-0.000000,0,-39.248016,-98.166428,174.468765,0.000000,56.969113,0.000000
689.4627473,0,0,0,0,0,0,222,0,0,0,0,0,0,134,0.000000,0,-0.000000,0,-39.248016,-98.166428,174.468765,0.000000,56.969113,0.000000
689.4791799,0,0,0,0,0,0,222,0,0,0,0,0,0,134,0.000000,0,-0.000000,0,-39.248016,-98.166428,174.468765,0.000000,56.969113,0.000000
689.5271612,0,0,0,0,0,0,222,0,0,0,0,0,0,134,0.000000,0,-0.000000,0,-39.248016,-98.166428,174.468765,0.000000,57.271602,0.000000
689.7030713,0,0,0,0,0,0,222,0,0,0,0,0,0,135,0.000000,0,-0.000000,0,-39.248016,-98.166428,174.468765,0.000000,57.271602,0.000000
689.7177225,0,0,0,0,0,0,222,0,0,0,0,0,0,135,0.000000,0,-0.000000,0,-39.248016,-98.166428,174.468765,0.000000,57.271602,0.000000
689.750065,0,0,0,0,0,0,222,0,0,0,0,0,0,135,0.000000,0,-0.000000,0,-41.356468,-98.039200,174.386475,0.000000,57.271602,0.000000
689.7657485,0,0,0,0,0,0,222,0,0,0,0,0,0,135,0.000000,0,-0.000000,0,-41.356468,-98.039200,174.386475,0.000000,57.044733,0.000000
689.9579339,0,0,0,0,0,0,220,0,0,0,0,0,0,130,0.000000,0,-0.000000,0,-41.356468,-98.039200,174.386475,0.000000,57.044733,0.000000
689.9729754,0,0,0,0,0,0,220,0,0,0,0,0,0,130,0.000000,0,-0.000000,0,-41.356468,-98.039200,174.386475,0.000000,57.044733,0.000000
690.0211045,0,0,0,0,0,0,220,0,0,0,0,0,0,130,0.000000,0,-0.000000,0,-41.356468,-98.039200,174.386475,0.000000,56.641413,0.000000
690.2142783,0,0,0,0,0,0,220,0,0,0,0,0,0,130,0.000000,0,0.000000,-48,-41.356468,-98.039200,174.386475,0.000000,56.641413,0.000000
690.2460974,0,0,0,0,0,0,220,0,0,0,0,0,0,130,0.000000,0,0.000000,-48,-43.479382,-97.902382,174.294220,0.000000,56.641413,0.000000
690.2611385,0,0,0,0,0,0,220,0,0,0,0,0,0,130,0.000000,0,0.000000,-48,-43.479382,-97.902382,174.294220,0.000000,57.044733,0.000000
690.4694716,0,0,0,0,0,0,220,0,0,0,0,0,0,130,0.000000,0,-0.000000,0,-43.479382,-97.902382,174.294220,0.000000,57.044733,0.000000
690.4872462,0,0,0,0,0,0,220,0,0,0,0,0,0,130,0.000000,0,-0.000000,0,-44.546162,-97.829948,174.243881,0.000000,57.044733,0.000000
690.5182802,0,0,0,0,0,0,220,0,0,0,0,0,0,130,0.000000,0,-0.000000,0,-44.546162,-97.829948,174.243881,0.000000,57.145564,0.000000
690.7087637,0,0,0,0,0,0,220,0,0,0,0,0,0,130,0.000000,0,-0.000000,0,-44.546162,-97.829948,174.243881,0.000000,57.145564,0.000000
690.7424948,0,0,0,0,0,0,220,0,0,0,0,0,0,130,0.000000,0,-0.000000,0,-45.616375,-97.754501,174.190491,0.000000,57.145564,0.000000
690.75689,0,0,0,0,0,0,220,0,0,0,0,0,0,130,0.000000,0,-0.000000,0,-45.616375,-97.754501,174.190491,0.000000,57.271602,0.000000
690.934758,0,0,0,0,0,0,219,0,0,0,0,0,0,138,0.000000,0,-0.000000,0,-45.616375,-97.754501,174.190491,0.000000,57.271602,0.000000
690.9501433,0,0,0,0,0,0,219,0,0,0,0,0,0,138,0.000000,0,-0.000000,0,-45.616375,-97.754501,174.190491,0.000000,57.271602,0.000000
690.9822206,0,0,0,0,0,0,219,0,0,0,0,0,0,138,0.000000,0,-0.000000,0,-46.689987,-97.675911,174.133850,0.000000,57.271602,0.000000
690.9972851,0,0,0,0,0,0,219,0,0,0,0,0,0,138,0.000000,0,-0.000000,0,-46.689987,-97.675911,174.133850,0.000000,57.195978,0.000000
691.1890738,0,0,0,0,0,0,219,0,0,0,0,0,0,138,0.000000,0,-0.000000,0,-46.689987,-97.675911,174.133850,0.000000,57.195978,0.000000
691.2051173,0,0,0,0,0,0,219,0,0,0,0,0,0,138,0.000000,0,-0.000000,0,-46.689987,-97.675911,174.133850,0.000000,57.195978,0.000000
691.2208131,0,0,0,0,0,0,219,0,0,0,0,0,0,138,0.000000,0,-0.000000,0,-47.766956,-97.593880,174.073639,0.000000,57.195978,0.000000
691.2523504,0,0,0,0,0,0,219,0,0,0,0,0,0,138,0.000000,0,-0.000000,0,-47.766956,-97.593880,174.073639,0.000000,57.347226,0.000000
691.4284793,0,0,0,0,0,0,219,0,0,0,0,0,0,135,0.000000,0,-0.000000,0,-47.766956,-97.593880,174.073639,0.000000,57.347226,0.000000
691.4445231,0,0,0,0,0,0,219,0,0,0,0,0,0,135,0.000000,0,-0.000000,0,-47.766956,-97.593880,174.073639,0.000000,57.347226,0.000000
691.4776225,0,0,0,0,0,0,219,0,0,0,0,0,0,135,0.000000,0,-0.000000,0,-48.847176,-97.508080,174.009598,0.000000,57.347226,0.000000
691.4926641,0,0,0,0,0,0,219,0,0,0,0,0,0,135,0.000000,0,-0.000000,0,-48.847176,-97.508080,174.009598,0.000000,57.044733,0.000000
691.6692564,0,0,0,0,0,0,219,0,0,0,0,0,0,142,0.000000,0,-0.000000,0,-48.847176,-97.508080,174.009598,0.000000,57.044733,0.000000
691.6853251,0,0,0,0,0,0,219,0,0,0,0,0,0,142,0.000000,0,-0.000000,0,-48.847176,-97.508080,174.009598,0.000000,57.044733,0.000000
691.748988,0,0,0,0,0,0,219,0,0,0,0,0,0,142,0.000000,0,-0.000000,0,-48.847176,-97.508080,174.009598,0.000000,57.498471,0.000000
691.924857,0,0,0,0,0,0,220,0,0,0,0,0,0,140,0.000000,0,-0.000000,0,-48.847176,-97.508080,174.009598,0.000000,57.498471,0.000000
691.9398879,0,0,0,0,0,0,220,0,0,0,0,0,0,140,0.000000,0,-0.000000,0,-48.847176,-97.508080,174.009598,0.000000,57.498471,0.000000
692.164891,0,0,0,0,0,0,220,0,0,0,0,0,0,139,0.000000,0,-0.000000,0,-48.847176,-97.508080,174.009598,0.000000,57.498471,0.000000
692.1804153,0,0,0,0,0,0,220,0,0,0,0,0,0,139,0.000000,0,-0.000000,0,-48.847176,-97.508080,174.009598,0.000000,57.498471,0.000000
692.2288972,0,0,0,0,0,0,220,0,0,0,0,0,0,139,0.000000,0,-0.000000,0,-48.847176,-97.508080,174.009598,0.000000,57.170771,0.000000
692.4195971,0,0,0,0,0,0,220,0,0,0,0,0,0,138,0.000000,0,-0.000000,0,-48.847176,-97.508080,174.009598,0.000000,57.170771,0.000000
692.4356386,0,0,0,0,0,0,220,0,0,0,0,0,0,138,0.000000,0,-0.000000,0,-48.847176,-97.508080,174.009598,0.000000,57.170771,0.000000
692.483746,0,0,0,0,0,0,220,0,0,0,0,0,0,138,0.000000,0,-0.000000,0,-48.847176,-97.508080,174.009598,0.000000,56.439751,0.000000
692.6620023,0,0,0,0,0,0,219,0,0,0,0,0,0,137,0.000000,0,-0.000000,0,-48.847176,-97.508080,174.009598,0.000000,56.439751,0.000000
692.6762735,0,0,0,0,0,0,219,0,0,0,0,0,0,137,0.000000,0,-0.000000,0,-48.847176,-97.508080,174.009598,0.000000,56.439751,0.000000
692.724286,0,0,0,0,0,0,219,0,0,0,0,0,0,137,0.000000,0,-0.000000,0,-48.847176,-97.508080,174.009598,0.000000,57.246395,0.000000
692.9021327,0,0,0,0,0,0,222,0,0,0,0,0,0,130,0.000000,0,-0.000000,0,-48.847176,-97.508080,174.009598,0.000000,57.246395,0.000000
692.9312107,0,0,0,0,0,0,222,0,0,0,0,0,0,130,0.000000,0,-0.000000,0,-48.847176,-97.508080,174.009598,0.000000,57.246395,0.000000
692.9480032,0,0,0,0,0,0,222,0,0,0,0,0,0,130,0.000000,0,-0.000000,0,-20.214231,-95.401077,125.738243,0.000000,57.246395,0.000000
692.9630859,0,0,0,0,0,0,222,0,0,0,0,0,0,130,0.000000,0,-0.000000,0,-20.214231,-95.401077,125.738243,0.000000,57.170771,0.000000
693.1550958,0,0,0,0,0,0,219,0,0,0,0,0,0,130,0.000000,0,-0.000000,0,-20.214231,-95.401077,125.738243,0.000000,57.170771,0.000000
693.1711389,0,0,0,0,0,0,219,0,0,0,0,0,0,130,0.000000,0,-0.000000,0,-20.214231,-95.401077,125.738243,0.000000,57.170771,0.000000
693.2192664,0,0,0,0,0,0,219,0,0,0,0,0,0,130,0.000000,0,-0.000000,0,-20.214231,-95.401077,125.738243,0.000000,57.271602,0.000000
693.4590037,0,0,0,0,0,0,219,0,0,0,0,0,0,125,0.000000,0,-0.000000,0,-20.214231,-95.401077,125.738243,0.000000,57.271602,0.000000
693.4923496,0,0,0,0,0,0,219,0,0,0,0,0,0,125,0.000000,0,-0.000000,0,-20.214231,-95.401077,125.738243,0.000000,57.271602,0.000000
693.5063877,0,0,0,0,0,0,219,0,0,0,0,0,0,125,0.000000,0,-0.000000,0,-22.245768,-95.380653,125.730827,0.000000,57.271602,0.000000
693.5224315,0,0,0,0,0,0,219,0,0,0,0,0,0,125,0.000000,0,-0.000000,0,-22.245768,-95.380653,125.730827,0.000000,58.557187,0.000000
693.7140433,0,0,0,0,0,0,219,0,0,0,0,0,0,138,0.000000,0,-0.000000,0,-22.245768,-95.380653,125.730827,0.000000,58.557187,0.000000
693.730078,0,0,0,0,0,0,219,0,0,0,0,0,0,138,0.000000,0,-0.000000,0,-22.245768,-95.380653,125.730827,0.000000,58.557187,0.000000
693.7470325,0,0,0,0,0,0,219,0,0,0,0,0,0,138,0.000000,0,-0.000000,0,-23.280901,-95.369942,125.726700,0.000000,58.557187,0.000000
693.7788977,0,0,0,0,0,0,219,0,0,0,0,0,0,138,0.000000,0,-0.000000,0,-23.280901,-95.369942,125.726700,0.000000,56.767451,0.000000
693.9544305,0,0,0,0,0,0,224,0,0,0,0,0,0,135,0.000000,0,-0.000000,0,-23.280901,-95.369942,125.726700,0.000000,56.767451,0.000000
693.9704731,0,0,0,0,0,0,224,0,0,0,0,0,0,135,0.000000,0,-0.000000,0,-23.280901,-95.369942,125.726700,0.000000,56.767451,0.000000
694.0025975,0,0,0,0,0,0,224,0,0,0,0,0,0,135,0.000000,0,-0.000000,0,-24.304193,-95.359215,125.722382,0.000000,56.767451,0.000000
694.018601,0,0,0,0,0,0,224,0,0,0,0,0,0,135,0.000000,0,-0.000000,0,-24.304193,-95.359215,125.722382,0.000000,57.624509,0.000000
694.1946363,0,0,0,0,0,0,224,0,0,0,0,0,0,128,0.000000,0,-0.000000,0,-24.304193,-95.359215,125.722382,0.000000,57.624509,0.000000
694.2268693,0,0,0,0,0,0,224,0,0,0,0,0,0,128,0.000000,0,-0.000000,0,-24.304193,-95.359215,125.722382,0.000000,57.624509,0.000000
694.4511112,0,0,0,0,0,0,222,0,0,0,0,0,0,134,0.000000,0,-0.000000,0,-24.304193,-95.359215,125.722382,0.000000,57.624509,0.000000
694.4688806,0,0,0,0,0,0,222,0,0,0,0,0,0,134,0.000000,0,-0.000000,0,-24.304193,-95.359215,125.722382,0.000000,57.624509,0.000000
694.4819172,0,0,0,0,0,0,222,0,0,0,0,0,0,134,0.000000,0,-0.000000,0,-26.367619,-95.337029,125.712860,0.000000,57.624509,0.000000
694.5150949,0,0,0,0,0,0,222,0,0,0,0,0,0,134,0.000000,0,-0.000000,0,-26.367619,-95.337029,125.712860,0.000000,57.322016,0.000000
694.6905075,0,0,0,0,0,0,222,0,0,0,0,0,0,132,0.000000,0,-0.000000,0,-26.367619,-95.337029,125.712860,0.000000,57.322016,0.000000
694.7055487,0,0,0,0,0,0,222,0,0,0,0,0,0,132,0.000000,0,-0.000000,0,-26.367619,-95.337029,125.712860,0.000000,57.322016,0.000000
694.738545,0,0,0,0,0,0,222,0,0,0,0,0,0,132,0.000000,0,-0.000000,0,-27.403553,-95.325615,125.707726,0.000000,57.322016,0.000000
694.7535869,0,0,0,0,0,0,222,0,0,0,0,0,0,132,0.000000,0,-0.000000,0,-27.403553,-95.325615,125.707726,0.000000,57.372433,0.000000
694.9456984,0,0,0,0,0,0,222,0,0,0,0,0,0,130,0.000000,0,-0.000000,0,-27.403553,-95.325615,125.707726,0.000000,57.372433,0.000000
694.9617375,0,0,0,0,0,0,222,0,0,0,0,0,0,130,0.000000,0,-0.000000,0,-27.403553,-95.325615,125.707726,0.000000,57.372433,0.000000
695.0098654,0,0,0,0,0,0,222,0,0,0,0,0,0,130,0.000000,0,-0.000000,0,-27.403553,-95.325615,125.707726,0.000000,57.498471,0.000000
695.1864625,0,0,0,0,0,0,220,0,0,0,0,0,0,140,0.000000,0,-0.000000,0,-27.403553,-95.325615,125.707726,0.000000,57.498471,0.000000
695.2034726,0,0,0,0,0,0,220,0,0,0,0,0,0,140,0.000000,0,0.000000,-48,-27.403553,-95.325615,125.707726,0.000000,57.498471,0.000000
695.2339397,0,0,0,0,0,0,220,0,0,0,0,0,0,140,0.000000,0,0.000000,-48,-29.508560,-95.301750,125.696373,0.000000,57.498471,0.000000
695.2496355,0,0,0,0,0,0,220,0,0,0,0,0,0,140,0.000000,0,0.000000,-48,-29.508560,-95.301750,125.696373,0.000000,57.271602,0.000000
695.4416712,0,0,0,0,0,0,220,0,0,0,0,0,0,140,0.000000,0,-0.000000,0,-29.508560,-95.301750,125.696373,0.000000,57.271602,0.000000
695.4745738,0,0,0,0,0,0,220,0,0,0,0,0,0,140,0.000000,0,-0.000000,0,-30.556789,-95.289490,125.690216,0.000000,57.271602,0.000000
695.4896272,0,0,0,0,0,0,220,0,0,0,0,0,0,140,0.000000,0,-0.000000,0,-30.556789,-95.289490,125.690216,0.000000,57.170771,0.000000
695.7288119,0,0,0,0,0,0,220,0,0,0,0,0,0,140,0.000000,0,-0.000000,0,-31.608980,-95.276909,125.683701,0.000000,57.170771,0.000000
695.7448537,0,0,0,0,0,0,220,0,0,0,0,0,0,140,0.000000,0,-0.000000,0,-31.608980,-95.276909,125.683701,0.000000,56.439751,0.000000
695.9210841,0,0,0,0,0,0,219,0,0,0,0,0,0,138,0.000000,0,-0.000000,0,-31.608980,-95.276909,125.683701,0.000000,56.439751,0.000000
695.9370885,0,0,0,0,0,0,219,0,0,0,0,0,0,138,0.000000,0,-0.000000,0,-31.608980,-95.276909,125.683701,0.000000,56.439751,0.000000
696.160998,0,0,0,0,0,0,219,0,0,0,0,0,0,144,0.000000,0,-0.000000,0,-31.608980,-95.276909,125.683701,0.000000,56.439751,0.000000
696.1930849,0,0,0,0,0,0,219,0,0,0,0,0,0,144,0.000000,0,-0.000000,0,-31.608980,-95.276909,125.683701,0.000000,56.439751,0.000000
696.2091252,0,0,0,0,0,0,219,0,0,0,0,0,0,144,0.000000,0,-0.000000,0,-33.724972,-95.250664,125.669556,0.000000,56.439751,0.000000
696.240924,0,0,0,0,0,0,219,0,0,0,0,0,0,144,0.000000,0,-0.000000,0,-33.724972,-95.250664,125.669556,0.000000,56.590999,0.000000
696.4172461,0,0,0,0,0,0,220,0,0,0,0,0,0,138,0.000000,0,-0.000000,0,-33.724972,-95.250664,125.669556,0.000000,56.590999,0.000000
696.4334097,0,0,0,0,0,0,220,0,0,0,0,0,0,138,0.000000,0,-0.000000,0,-33.724972,-95.250664,125.669556,0.000000,56.590999,0.000000
696.449056,0,0,0,0,0,0,220,0,0,0,0,0,0,138,0.000000,0,-0.000000,0,-34.788647,-95.236992,125.661880,0.000000,56.590999,0.000000
696.481363,0,0,0,0,0,0,220,0,0,0,0,0,0,138,0.000000,0,-0.000000,0,-34.788647,-95.236992,125.661880,0.000000,56.691827,0.000000
696.657917,0,0,0,0,0,0,220,0,0,0,0,0,0,139,0.000000,0,-0.000000,0,-34.788647,-95.236992,125.661880,0.000000,56.691827,0.000000
696.6729747,0,0,0,0,0,0,220,0,0,0,0,0,0,139,0.000000,0,-0.000000,0,-34.788647,-95.236992,125.661880,0.000000,56.691827,0.000000
696.7054882,0,0,0,0,0,0,220,0,0,0,0,0,0,139,0.000000,0,-0.000000,0,-35.856071,-95.223022,125.653809,0.000000,56.691827,0.000000
696.720533,0,0,0,0,0,0,220,0,0,0,0,0,0,139,0.000000,0,-0.000000,0,-35.856071,-95.223022,125.653809,0.000000,56.691827,0.000000
696.9119061,0,0,0,0,0,0,222,0,0,0,0,0,0,137,0.000000,0,-0.000000,0,-35.856071,-95.223022,125.653809,0.000000,56.691827,0.000000
696.9279949,0,0,0,0,0,0,222,0,0,0,0,0,0,137,0.000000,0,-0.000000,0,-35.856071,-95.223022,125.653809,0.000000,56.691827,0.000000
697.1523928,0,0,0,0,0,0,218,0,0,0,0,0,0,139,0.000000,0,-0.000000,0,-35.856071,-95.223022,125.653809,0.000000,56.691827,0.000000
697.1683944,0,0,0,0,0,0,218,0,0,0,0,0,0,139,0.000000,0,-0.000000,0,-35.856071,-95.223022,125.653809,0.000000,56.691827,0.000000
697.2015752,0,0,0,0,0,0,218,0,0,0,0,0,0,139,0.000000,0,-0.000000,0,-36.927151,-95.208481,125.645172,0.000000,56.691827,0.000000
697.2161201,0,0,0,0,0,0,218,0,0,0,0,0,0,139,0.000000,0,-0.000000,0,-36.927151,-95.208481,125.645172,0.000000,57.271602,0.000000
697.3924418,220,0,0,0,0,0,0,139,32,48,46,48,48,48,0.000000,0,-0.000000,0,-36.927151,-95.208481,125.645172,0.000000,57.271602,0.000000
697.4242059,220,0,0,0,0,0,0,139,32,48,46,48,48,48,0.000000,0,0.000000,-48,-36.927151,-95.208481,125.645172,0.000000,57.271602,0.000000
697.4562955,220,0,0,0,0,0,0,139,32,48,46,48,48,48,0.000000,0,0.000000,-48,-6.170327,-105.067688,80.597763,0.000000,57.271602,0.000000
697.4723157,220,0,0,0,0,0,0,139,32,48,46,48,48,48,0.000000,0,0.000000,-48,-6.170327,-105.067688,80.597763,0.000000,57.322016,0.000000
697.6502338,0,0,0,0,0,0,220,0,0,0,0,0,0,130,0.000000,0,0.000000,-48,-6.170327,-105.067688,80.597763,0.000000,57.322016,0.000000
697.6642897,0,0,0,0,0,0,220,0,0,0,0,0,0,130,0.000000,0,-0.000000,0,-6.170327,-105.067688,80.597763,0.000000,57.322016,0.000000
697.6970402,0,0,0,0,0,0,220,0,0,0,0,0,0,130,0.000000,0,-0.000000,0,-7.029700,-105.006538,80.590744,0.000000,57.322016,0.000000
697.7121185,0,0,0,0,0,0,220,0,0,0,0,0,0,130,0.000000,0,-0.000000,0,-7.029700,-105.006538,80.590744,0.000000,57.322016,0.000000
697.887327,0,0,0,0,0,0,220,0,0,0,0,0,0,130,0.000000,0,-0.000000,0,-7.029700,-105.006538,80.590744,0.000000,57.322016,0.000000
697.9034103,0,0,0,0,0,0,220,0,0,0,0,0,0,130,0.000000,0,-0.000000,0,-7.029700,-105.006538,80.590744,0.000000,57.322016,0.000000
697.9358772,0,0,0,0,0,0,220,0,0,0,0,0,0,130,0.000000,0,-0.000000,0,-7.893336,-104.944786,80.582710,0.000000,57.322016,0.000000
697.9519214,0,0,0,0,0,0,220,0,0,0,0,0,0,130,0.000000,0,-0.000000,0,-7.893336,-104.944786,80.582710,0.000000,56.994320,0.000000
698.2080688,0,0,0,0,0,0,220,0,0,0,0,0,0,133,0.000000,0,-0.000000,0,-7.893336,-104.944786,80.582710,0.000000,56.994320,0.000000
698.2246258,0,0,0,0,0,0,220,0,0,0,0,0,0,133,0.000000,0,-0.000000,0,-7.893336,-104.944786,80.582710,0.000000,56.994320,0.000000
698.2565167,0,0,0,0,0,0,220,0,0,0,0,0,0,133,0.000000,0,-0.000000,0,-9.633119,-104.819748,80.563683,0.000000,56.994320,0.000000
698.2883037,0,0,0,0,0,0,220,0,0,0,0,0,0,133,0.000000,0,-0.000000,0,-9.633119,-104.819748,80.563683,0.000000,55.481866,0.000000
698.4652259,0,0,0,0,0,0,220,0,0,0,0,0,0,135,0.000000,0,-0.000000,0,-9.633119,-104.819748,80.563683,0.000000,55.481866,0.000000
698.4793244,0,0,0,0,0,0,220,0,0,0,0,0,0,135,0.000000,0,-0.000000,0,-9.633119,-104.819748,80.563683,0.000000,55.481866,0.000000
698.4958135,0,0,0,0,0,0,220,0,0,0,0,0,0,135,0.000000,0,-0.000000,0,-10.523826,-104.755257,80.552475,0.000000,55.481866,0.000000
698.5268859,0,0,0,0,0,0,220,0,0,0,0,0,0,135,0.000000,0,-0.000000,0,-10.523826,-104.755257,80.552475,0.000000,57.044733,0.000000
698.7192415,0,0,0,0,0,0,220,0,0,0,0,0,0,135,0.000000,0,-0.000000,0,-10.523826,-104.755257,80.552475,0.000000,57.044733,0.000000
699.0227152,0,0,0,0,0,0,220,0,0,0,0,0,0,135,0.000000,0,-0.000000,0,-10.523826,-104.755257,80.552475,0.000000,57.195978,0.000000
699.2149349,0,0,0,0,0,0,220,0,0,0,0,0,0,135,0.000000,0,-0.000000,0,-10.523826,-104.755257,80.552475,0.000000,57.195978,0.000000
699.2476657,0,0,0,0,0,0,220,0,0,0,0,0,0,135,0.000000,0,-0.000000,0,-13.180201,-104.560425,80.512466,0.000000,57.195978,0.000000
699.2627251,0,0,0,0,0,0,220,0,0,0,0,0,0,135,0.000000,0,-0.000000,0,-13.180201,-104.560425,80.512466,0.000000,57.523678,0.000000
699.4549172,0,0,0,0,0,0,220,0,0,0,0,0,0,135,0.000000,0,-0.000000,0,-13.180201,-104.560425,80.512466,0.000000,57.523678,0.000000
699.4870025,0,0,0,0,0,0,220,0,0,0,0,0,0,135,0.000000,0,-0.000000,0,-14.074264,-104.493820,80.496727,0.000000,57.523678,0.000000
699.5030463,0,0,0,0,0,0,220,0,0,0,0,0,0,135,0.000000,0,-0.000000,0,-14.074264,-104.493820,80.496727,0.000000,57.095151,0.000000
699.6789867,0,0,0,0,0,0,222,0,0,0,0,0,0,130,0.000000,0,-0.000000,0,-14.074264,-104.493820,80.496727,0.000000,57.095151,0.000000
699.7115994,0,0,0,0,0,0,222,0,0,0,0,0,0,130,0.000000,0,-0.000000,0,-14.074264,-104.493820,80.496727,0.000000,57.095151,0.000000
699.7428369,0,0,0,0,0,0,222,0,0,0,0,0,0,130,0.000000,0,-0.000000,0,-14.972628,-104.426468,80.479836,0.000000,57.095151,0.000000
699.9503917,0,0,0,0,0,0,222,0,0,0,0,0,0,130,0.000000,0,-0.000000,0,-14.972628,-104.426468,80.479836,0.000000,57.095151,0.000000
699.9825809,0,0,0,0,0,0,222,0,0,0,0,0,0,130,0.000000,0,-0.000000,0,-15.875283,-104.358231,80.461700,0.000000,57.095151,0.000000
699.9984616,0,0,0,0,0,0,222,0,0,0,0,0,0,130,0.000000,0,-0.000000,0,-15.875283,-104.358231,80.461700,0.002645,57.322016,0.000000
700.1750152,0,0,0,0,0,0,219,0,0,0,0,0,0,135,0.000000,0,-0.000000,0,-15.875283,-104.358231,80.461700,0.002645,57.322016,0.000000
700.2058122,0,0,0,0,0,0,219,0,0,0,0,0,0,135,0.000000,0,-0.000000,0,-15.875283,-104.358231,80.461700,0.002645,57.322016,0.000000
700.2218592,0,0,0,0,0,0,219,0,0,0,0,0,0,135,0.000000,0,-0.000000,0,-16.782156,-104.289085,80.442261,0.002645,57.322016,0.000000
700.4303211,0,0,0,0,0,0,219,0,0,0,0,0,0,135,0.000000,0,-0.000000,0,-16.782156,-104.289085,80.442261,0.002645,57.322016,0.000000
700.446291,0,0,0,0,0,0,219,0,0,0,0,0,0,135,0.000000,0,-0.000000,0,-16.782156,-104.289085,80.442261,0.002645,57.322016,0.000000
700.4623732,0,0,0,0,0,0,219,0,0,0,0,0,0,135,0.000000,0,-0.000000,0,-17.694746,-104.218819,80.421425,0.002645,57.322016,0.000000
700.495115,0,0,0,0,0,0,219,0,0,0,0,0,0,135,0.000000,0,-0.000000,0,-17.694746,-104.218819,80.421425,0.002645,57.448054,0.000000
700.6722604,0,0,0,0,0,0,218,0,0,0,0,0,0,134,0.000000,0,-0.000000,0,-17.694746,-104.218819,80.421425,0.002645,57.448054,0.000000
700.6863021,0,0,0,0,0,0,218,0,0,0,0,0,0,134,0.000000,0,-0.000000,0,-17.694746,-104.218819,80.421425,0.002645,57.448054,0.000000
700.7191862,0,0,0,0,0,0,218,0,0,0,0,0,0,134,0.000000,0,-0.000000,0,-17.694746,-104.218819,80.421425,0.002645,57.448054,0.000000
700.7342313,0,0,0,0,0,0,218,0,0,0,0,0,0,134,0.000000,0,-0.000000,0,-17.694746,-104.218819,80.421425,0.010580,57.322016,0.000000
700.9255748,0,0,0,0,0,0,218,0,0,0,0,0,0,142,0.000000,0,-0.000000,0,-17.694746,-104.218819,80.421425,0.010580,57.322016,0.000000
700.9415787,0,0,0,0,0,0,218,0,0,0,0,0,0,142,0.000000,0,-0.000000,0,-17.694746,-104.218819,80.421425,0.010580,57.322016,0.000000
700.9576214,0,0,0,0,0,0,218,0,0,0,0,0,0,142,0.000000,0,-0.000000,0,-18.616077,-104.147110,80.399117,0.010580,57.322016,0.000000
701.1815807,0,0,0,0,0,0,218,0,0,0,0,0,0,142,0.000000,0,-0.000000,0,-18.616077,-104.147110,80.399117,0.010580,57.322016,0.000000
701.2142511,0,0,0,0,0,0,218,0,0,0,0,0,0,142,0.000000,0,-0.000000,0,-19.535833,-104.074722,80.375435,0.010580,57.322016,0.000000
701.2293294,0,0,0,0,0,0,218,0,0,0,0,0,0,142,0.000000,0,-0.000000,0,-19.535833,-104.074722,80.375435,0.055545,56.691827,0.000000
701.438724,0,0,0,0,0,0,218,0,0,0,0,0,0,142,0.000000,0,-0.000000,0,-19.535833,-104.074722,80.375435,0.055545,56.691827,0.000000
701.4541982,0,0,0,0,0,0,218,0,0,0,0,0,0,142,0.000000,0,-0.000000,0,-20.459745,-104.001221,80.350273,0.055545,56.691827,0.000000
701.4692373,0,0,0,0,0,0,218,0,0,0,0,0,0,142,0.000000,0,-0.000000,0,-20.459745,-104.001221,80.350273,0.108445,57.473264,0.000000
701.6616451,0,0,0,0,0,0,220,0,0,0,0,0,0,147,0.000000,0,-0.000000,0,-20.459745,-104.001221,80.350273,0.108445,57.473264,0.000000
701.6777253,0,0,0,0,0,0,220,0,0,0,0,0,0,147,0.000000,0,-0.000000,0,-20.459745,-104.001221,80.350273,0.108445,57.473264,0.000000
701.7097735,0,0,0,0,0,0,220,0,0,0,0,0,0,147,0.000000,0,-0.000000,0,-21.387892,-103.926483,80.323593,0.108445,57.473264,0.000000
701.7248119,0,0,0,0,0,0,220,0,0,0,0,0,0,147,0.000000,0,-0.000000,0,-21.387892,-103.926483,80.323593,0.182505,57.246395,0.000000
702.6692398,0,0,0,0,0,0,220,0,0,0,0,0,0,147,0.000000,0,-0.000000,0,-21.387892,-103.926483,80.323593,0.182505,57.246395,0.000000
702.9579177,0,0,0,0,0,0,237,0,0,0,0,0,0,132,0.000000,0,-0.000000,0,-21.387892,-103.926483,80.323593,0.182505,57.246395,0.000000
702.9735652,0,0,0,0,0,0,237,0,0,0,0,0,0,132,0.000000,0,-0.000000,1,-21.387892,-103.926483,80.323593,0.182505,57.246395,0.000000
703.0042066,0,0,0,0,0,0,237,0,0,0,0,0,0,132,0.000000,0,-0.000000,1,-27.049973,-103.447395,80.126915,0.182505,57.246395,0.000000
703.0362962,0,0,0,0,0,0,237,0,0,0,0,0,0,132,0.000000,0,-0.000000,1,-27.049973,-103.447395,80.126915,1.266955,57.901791,0.000000
703.2280652,0,0,0,0,0,0,237,0,0,0,0,0,0,132,0.000000,0,-0.000000,0,-27.049973,-103.447395,80.126915,1.266955,57.901791,0.000000
703.2767588,0,0,0,0,0,0,237,0,0,0,0,0,0,132,0.000000,0,-0.000000,0,-27.049973,-103.447395,80.126915,1.814470,57.523678,0.000000
703.4684686,0,0,0,0,0,0,237,0,0,0,0,0,0,132,0.000000,0,-0.000000,0,-27.049973,-103.447395,80.126915,1.814470,57.523678,0.000000
703.5004784,0,0,0,0,0,0,237,0,0,0,0,0,0,132,0.000000,0,-0.000000,0,-5.500611,-83,32.869411,1.814470,57.523678,0.000000
703.9667599,0,0,0,0,0,0,237,0,0,0,0,0,0,132,0.000000,0,-0.000000,0,-5.500611,-83,32.869411,1.814470,57.523678,0.000000
704.2048285,0,0,0,0,0,0,237,0,0,0,0,0,0,132,0.000000,0,-0.000000,0,-5.500611,-83,32.869411,1.814470,57.523678,0.000000
704.2356093,0,0,0,0,0,0,237,0,0,0,0,0,0,132,0.000000,0,-0.000000,0,-7.033869,-116.107666,32.845772,1.814470,57.523678,0.000000
704.4457158,0,0,0,0,0,0,234,0,0,0,0,0,0,128,0.000000,0,-0.000000,0,-7.033869,-116.107666,32.845772,1.814470,57.523678,0.000000
704.4598017,0,0,0,0,0,0,234,0,0,0,0,0,0,128,0.000000,0,-0.000000,0,-7.033869,-116.107666,32.845772,1.814470,57.523678,0.000000
704.4767763,0,0,0,0,0,0,234,0,0,0,0,0,0,128,0.000000,0,-0.000000,0,-7.818153,-11,32.831394,1.814470,57.523678,0.000000
704.5085262,0,0,0,0,0,0,234,0,0,0,0,0,0,128,0.000000,0,-0.000000,0,-7.818153,-11,32.831394,2.726995,57.422847,0.000000
704.699639,0,0,0,0,0,0,234,0,0,0,0,0,0,128,0.000000,0,-0.000000,0,-7.818153,-11,32.831394,2.726995,57.422847,0.000000
704.7317389,0,0,0,0,0,0,234,0,0,0,0,0,0,128,0.000000,0,-0.000000,0,-8.593727,-115.886147,32.815651,2.726995,57.422847,0.000000
704.9563129,0,0,0,0,0,0,234,0,0,0,0,0,0,128,0.000000,0,-0.000000,0,-8.593727,-115.886147,32.815651,2.726995,57.422847,0.000000
704.9713979,0,0,0,0,0,0,234,0,0,0,0,0,0,128,0.000000,0,-0.000000,0,-9.372785,-115.774872,32.798271,2.726995,57.422847,0.000000
705.1951475,0,0,0,0,0,0,234,0,0,0,0,0,0,128,0.000000,0,-0.000000,0,-9.372785,-115.774872,32.798271,2.726995,57.422847,0.000000
705.4349808,0,0,0,0,0,0,234,0,0,0,0,0,0,128,0.000000,0,-0.000000,0,-9.372785,-115.774872,32.798271,2.726995,57.422847,0.000000
705.7400537,0,0,0,0,0,0,234,0,0,0,0,0,0,128,0.000000,0,-0.000000,0,-2.815492,-136.983597787830,50.000000,2.726995,57.422847,0.000000
707.9927941,0,0,0,0,0,0,234,0,0,0,0,0,0,128,0.000000,0,-0.000000,0,-2.815492,-136.983597787830,50.000000,2.726995,57.422847,0.000000
708.2321715,0,0,0,0,0,0,234,0,0,0,0,0,0,128,-0.010000,0,-0.010000,0,-2.815492,-136.983597787830,50.000000,2.726995,57.422847,0.000000
708.4727637,0,0,0,0,0,0,234,0,0,0,0,0,0,128,0.000000,0,-0.000000,0,-2.815492,-136.983597787830,50.000000,2.726995,57.422847,0.000000
708.5054234,0,0,0,0,0,0,234,0,0,0,0,0,0,128,0.000000,0,-0.000000,0,-10.010614,-135.185883,-18.199263,2.726995,57.422847,0.000000
708.5204886,0,0,0,0,0,0,234,0,0,0,0,0,0,128,0.000000,0,-0.000000,0,-10.010614,-135.185883,-18.199263,5.385219,56.742244,0.000000
708.7133701,0,0,0,0,0,0,225,0,0,0,0,0,0,154,0.000000,0,-0.000000,0,-10.010614,-135.185883,-18.199263,5.385219,56.742244,0.000000
708.7284559,0,0,0,0,0,0,225,0,0,0,0,0,0,154,-0.050000,0,0.050000,0,-10.010614,-135.185883,-18.199263,5.385219,56.742244,0.000000
708.7452519,0,0,0,0,0,0,225,0,0,0,0,0,0,154,-0.050000,0,0.050000,0,0,-135.019028,-18.229210,5.385219,56.742244,0.000000
708.7763266,0,0,0,0,0,0,225,0,0,0,0,0,0,154,-0.050000,0,0.050000,0,0,-135.019028,-18.229210,5.580949,57.195978,0.000000
708.9678989,0,0,0,0,0,0,225,0,0,0,0,0,0,154,0.000000,0,-0.000000,1,0,-135.019028,-18.229210,5.580949,57.195978,0.000000
709.0000225,0,0,0,0,0,0,225,0,0,0,0,0,0,154,0.000000,0,-0.000000,1,-11.322774,-134.850815,-18.261292,5.580949,57.195978,0.000000
709.0160284,0,0,0,0,0,0,225,0,0,0,0,0,0,154,0.000000,0,-0.000000,1,-11.322774,-134.850815,-18.261292,5.469861,57.170771,0.000000
709.1915663,0,0,0,0,0,0,185,0,0,0,0,0,0,154,0.000000,0,-0.000000,1,-11.322774,-134.850815,-18.261292,5.469861,57.170771,0.000000
709.2093041,0,0,0,0,0,0,185,0,0,0,0,0,0,154,0.000000,0,-0.000000,1,-11.322774,-134.850815,-18.261292,5.469861,57.170771,0.000000
709.4636366,0,0,0,0,0,0,185,0,0,0,0,0,0,154,0.000000,0,-0.000000,1,-11.322774,-134.850815,-18.261292,5.469861,57.170771,0.000000
709.4796768,0,0,0,0,0,0,185,0,0,0,0,0,0,154,0.000000,0,-0.000000,1,-12.644652,-134.510101,-18.332035,5.469861,57.170771,0.000000
709.5117246,0,0,0,0,0,0,185,0,0,0,0,0,0,154,0.000000,0,-0.000000,1,-12.644652,-134.510101,-18.332035,5.647076,58.305112,0.000000
709.6878093,0,0,0,0,0,0,173,0,0,0,0,0,0,75,0.000000,0,-0.000000,1,-12.644652,-134.510101,-18.332035,5.647076,58.305112,0.000000
709.7038523,0,0,0,0,0,0,173,0,0,0,0,0,0,75,0.000000,0,-0.000000,1,-12.644652,-134.510101,-18.332035,5.647076,58.305112,0.000000
709.7360762,0,0,0,0,0,0,173,0,0,0,0,0,0,75,0.000000,0,-0.000000,1,-13.309231,-134.337463,-18.370796,5.647076,58.305112,0.000000
709.9602347,0,0,0,0,0,0,173,0,0,0,0,0,0,75,0.000000,0,-0.000000,1,-13.309231,-134.337463,-18.370796,5.647076,58.305112,0.000000
709.9758929,0,0,0,0,0,0,173,0,0,0,0,0,0,75,0.000000,0,-0.000000,1,-13.976233,-134.163193,-18.411898,5.647076,58.305112,0.000000
710.1996382,0,0,0,0,0,0,173,0,0,0,0,0,0,75,0.000000,0,-0.000000,1,-13.976233,-134.163193,-18.411898,5.647076,58.305112,0.000000
710.42612,0,0,0,0,0,0,219,0,0,0,0,0,0,159,0.000000,0,-0.000000,1,-13.976233,-134.163193,-18.411898,5.647076,58.305112,0.000000
710.4407819,0,0,0,0,0,0,219,0,0,0,0,0,0,159,0.000000,0,-0.000000,1,-13.976233,-134.163193,-18.411898,5.647076,58.305112,0.000000
710.4723607,0,0,0,0,0,0,219,0,0,0,0,0,0,159,0.000000,0,-0.000000,1,-15.317486,-133.809509,-18.501333,5.647076,58.305112,0.000000
710.5034453,0,0,0,0,0,0,219,0,0,0,0,0,0,159,0.000000,0,-0.000000,1,-15.317486,-133.809509,-18.501333,5.522759,58.531981,0.000000
710.6952826,0,0,0,0,0,0,219,0,0,0,0,0,0,159,0.000000,0,-0.000000,1,-15.317486,-133.809509,-18.501333,5.522759,58.531981,0.000000
710.7434591,0,0,0,0,0,0,219,0,0,0,0,0,0,159,0.000000,0,-0.000000,1,-15.317486,-133.809509,-18.501333,5.636495,58.456356,0.000000
710.9346738,0,0,0,0,0,0,219,0,0,0,0,0,0,159,0.000000,0,-0.000000,1,-15.317486,-133.809509,-18.501333,5.636495,58.456356,0.000000
710.9667587,0,0,0,0,0,0,219,0,0,0,0,0,0,159,0.000000,0,-0.000000,1,-16.668404,-133.448517,-18.600805,5.636495,58.456356,0.000000
710.9828002,0,0,0,0,0,0,219,0,0,0,0,0,0,159,0.000000,0,-0.000000,1,-16.668404,-133.448517,-18.600805,5.562435,68.715835,0.000000
711.1609514,0,0,0,0,0,0,234,0,0,0,0,0,0,164,0.000000,0,-0.000000,1,-16.668404,-133.448517,-18.600805,5.562435,68.715835,0.000000
711.1761356,0,0,0,0,0,0,234,0,0,0,0,0,0,164,-0.080000,0,0.080000,1,-16.668404,-133.448517,-18.600805,5.562435,68.715835,0.000000
711.2079269,0,0,0,0,0,0,234,0,0,0,0,0,0,164,-0.080000,0,0.080000,1,-17.347475,-133.265091,-18.654451,5.562435,68.715835,0.000000
711.4154091,0,0,0,0,0,0,230,0,0,0,0,0,0,154,-0.080000,0,0.080000,1,-17.347475,-133.265091,-18.654451,5.562435,68.715835,0.000000
711.430489,0,0,0,0,0,0,230,0,0,0,0,0,0,154,-0.060000,0,0.060000,1,-17.347475,-133.265091,-18.654451,5.562435,68.715835,0.000000
711.4638416,0,0,0,0,0,0,230,0,0,0,0,0,0,154,-0.060000,0,0.060000,1,-18.028952,-133.079605,-18.710810,5.562435,68.715835,0.000000
711.6541868,0,0,0,0,0,0,222,0,0,0,0,0,0,51,-0.060000,0,0.060000,1,-18.028952,-133.079605,-18.710810,5.562435,68.715835,0.000000
711.7210521,0,0,0,0,0,0,222,0,0,0,0,0,0,51,-0.060000,0,0.060000,1,-18.028952,-133.079605,-18.710810,5.874545,57.322016,0.000000
711.9099403,0,0,0,0,0,0,205,0,0,0,0,0,0,243,-0.060000,0,0.060000,1,-18.028952,-133.079605,-18.710810,5.874545,57.322016,0.000000
711.9259829,0,0,0,0,0,0,205,0,0,0,0,0,0,243,0.000000,0,-0.000000,1,-18.028952,-133.079605,-18.710810,5.874545,57.322016,0.000000
711.9420619,0,0,0,0,0,0,205,0,0,0,0,0,0,243,0.000000,0,-0.000000,1,6,-132.702042,-18.831938,5.874545,57.322016,0.000000
712.2463376,0,0,0,0,0,0,205,0,0,0,0,0,0,243,0.000000,0,-0.000000,1,-20.090477,-132.509064,-18.897144,5.874545,57.322016,0.000000
712.2952706,0,0,0,0,0,0,205,0,0,0,0,0,0,243,0.000000,0,-0.000000,1,-20.090477,-132.509064,-18.897144,5.289999,0,0.000000
712.4707737,0,0,0,0,0,0,220,0,0,0,0,0,0,163,0.000000,0,-0.000000,1,-20.090477,-132.509064,-18.897144,5.289999,0,0.000000
712.485856,0,0,0,0,0,0,220,0,0,0,0,0,0,163,0.000000,0,-0.000000,1,-20.090477,-132.509064,-18.897144,5.289999,0,0.000000
712.5181657,0,0,0,0,0,0,220,0,0,0,0,0,0,163,0.000000,0,-0.000000,1,-20.840071,-132.297836,-18.971003,5.289999,0,0.000000
712.5339559,0,0,0,0,0,0,220,0,0,0,0,0,0,163,0.000000,0,-0.000000,1,-20.840071,-132.297836,-18.971003,4.456825,56.868282,0.000000
712.725858,0,0,0,0,0,0,220,0,0,0,0,0,0,163,0.000000,0,-0.000000,1,-20.840071,-132.297836,-18.971003,4.456825,56.868282,0.000000
712.9658039,0,0,0,0,0,0,238,0,0,0,0,0,0,8,0.000000,0,-0.000000,1,-20.840071,-132.297836,-18.971003,4.456825,56.868282,0.000000
712.9818074,0,0,0,0,0,0,238,0,0,0,0,0,0,8,0.000000,0,-0.000000,1,-20.840071,-132.297836,-18.971003,4.456825,56.868282,0.000000
712.9978876,0,0,0,0,0,0,238,0,0,0,0,0,0,8,0.000000,0,-0.000000,1,-22.240749,-131.897141,-19.118113,4.456825,56.868282,0.000000
713.0306583,0,0,0,0,0,0,238,0,0,0,0,0,0,8,0.000000,0,-0.000000,1,-22.240749,-131.897141,-19.118113,5.432830,56.515375,0.000000
713.2055313,0,0,0,0,0,0,224,0,0,0,0,0,0,27,0.000000,0,-0.000000,1,-22.240749,-131.897141,-19.118113,5.432830,56.515375,0.000000
713.2215747,0,0,0,0,0,0,224,0,0,0,0,0,0,27,0.000000,0,-0.000000,1,-22.240749,-131.897141,-19.118113,5.432830,56.515375,0.000000
713.4631254,0,0,0,0,0,0,225,0,0,0,0,0,0,143,0.000000,0,-0.000000,1,-22.240749,-131.897141,-19.118113,5.432830,56.515375,0.000000
713.4776569,0,0,0,0,0,0,225,0,0,0,0,0,0,143,0.000000,0,-0.000000,1,-22.240749,-131.897141,-19.118113,5.432830,56.515375,0.000000
713.5103403,0,0,0,0,0,0,225,0,0,0,0,0,0,143,0.000000,0,-0.000000,1,-23.639896,-131.488586,-19.277374,5.432830,56.515375,0.000000
713.5249587,0,0,0,0,0,0,225,0,0,0,0,0,0,143,0.000000,0,-0.000000,1,-23.639896,-131.488586,-19.277374,5.533340,57.397640,0.000000
713.7016791,0,0,0,0,0,0,219,0,0,0,0,0,0,168,0.000000,0,-0.000000,1,-23.639896,-131.488586,-19.277374,5.533340,57.397640,0.000000
713.765999,0,0,0,0,0,0,219,0,0,0,0,0,0,168,0.000000,0,-0.000000,1,-23.639896,-131.488586,-19.277374,5.316450,57.221189,0.000000
713.9596994,0,0,0,0,0,0,234,0,0,0,0,0,0,168,0.000000,0,-0.000000,1,-23.639896,-131.488586,-19.277374,5.316450,57.221189,0.000000
713.9727893,0,0,0,0,0,0,234,0,0,0,0,0,0,168,0.000000,1,-0.000000,1,-23.639896,-131.488586,-19.277374,5.316450,57.221189,0.000000
713.9901199,0,0,0,0,0,0,234,0,0,0,0,0,0,168,0.000000,1,-0.000000,1,-25.048374,-131.068008,-19.450737,5.316450,57.221189,0.000000
714.452853,0,0,0,0,0,0,234,0,0,0,0,0,0,168,0.000000,1,-0.000000,1,-25.048374,-131.068008,-19.450737,5.316450,57.221189,0.000000
714.4847245,0,0,0,0,0,0,234,0,0,0,0,0,0,168,0.000000,1,-0.000000,1,-26.466227,-130.634415,-19.639183,5.316450,57.221189,0.000000
714.6922426,0,0,0,0,0,0,142,0,0,0,0,0,0,250,0.000000,1,-0.000000,1,-26.466227,-130.634415,-19.639183,5.316450,57.221189,0.000000
714.7082853,0,0,0,0,0,0,142,0,0,0,0,0,0,250,0.000000,1,-0.000000,1,-26.466227,-130.634415,-19.639183,5.316450,57.221189,0.000000
714.9512103,0,0,0,0,0,0,142,0,0,0,0,0,0,250,0.500000,1,-0.500000,1,-26.466227,-130.634415,-19.639183,5.316450,57.221189,0.000000
714.964288,0,0,0,0,0,0,142,0,0,0,0,0,0,250,0.500000,1,-0.500000,1,-27.907543,-130.182114,-19.845860,5.316450,57.221189,0.000000
715.4450493,0,0,0,0,0,0,142,0,0,0,0,0,0,250,0.500000,1,-0.500000,1,-27.907543,-130.182114,-19.845860,5.316450,57.221189,0.000000
715.6846338,0,0,0,0,0,0,142,0,0,0,0,0,0,250,0.500000,1,-0.500000,1,-27.907543,-130.182114,-19.845860,5.316450,57.221189,0.000000
715.7157025,0,0,0,0,0,0,142,0,0,0,0,0,0,250,0.500000,1,-0.500000,1,-30.065365,-129.480835,-20.185755,5.316450,57.221189,0.000000
715.7317448,0,0,0,0,0,0,142,0,0,0,0,0,0,250,0.500000,1,-0.500000,1,-30.065365,-129.480835,-20.185755,5.258260,57.170771,0.000000
717.7332772,0,0,0,0,0,0,142,0,0,0,0,0,0,250,0.500000,1,-0.500000,1,-30.065365,-129.480835,-20.185755,3.472885,55.557486,0.0006
